Time,Amount,V1,V2,V3,V4,V5,V6,V7,V8,V9,V10,V11,V12,V13,V14,V15,V16,V17,V18,V19,V20,V21,V22,V23,V24,V25,V26,V27,V28,Class
121958,1746.05,-0.6642274433044227,-0.347526733772955,2.3573763650327084,-0.8711337640375167,0.878643509726043,-1.2663405056257042,-1.9593902260907439,-1.7438481166328978,1.2177484856512002,1.0742472339446603,-0.7145470084708703,-0.5939031720203022,1.9928326252700297,-0.09530972104935061,1.0033827642199402,1.0548590692108868,0.40343686287129077,-0.2656218217805378,-1.365140676856802,-0.4997204994197924,1.1364705083670374,-0.16898649815484168,-0.7888492497413011,0.50997691724033,0.9079991561824573,0.9180314686799862,0.011936780181387968,-1.5117871459689358,0
146867,3629.78,1.3601113662481714,0.8291386845852685,0.937838301566644,0.4033900233540776,0.7621984007922114,-0.05798394743223416,0.7326493607290827,0.1190184060539747,-0.8684410292521488,1.5261863173616617,-0.26170506767822693,-0.10622149384201134,-0.7792955995214319,0.41692950326481654,0.12181470577485806,-0.18688583038065085,-0.7717112201805404,1.0365155835044346,-0.7105300793262077,-0.10266860856592804,-0.9125077743940353,0.7686480879681981,-0.26130011056889496,-0.7263593079771473,0.5064207749970311,0.6870670696361196,-0.3075567351812621,0.5349706723637695,0
131932,4485.55,-2.037075934972139,1.286974963849594,-0.8401100785833383,-0.9384679102058486,-0.029890473902299677,-0.44838021905388226,0.8554600086826448,-1.5253190902334557,-0.6852061978594057,-0.7206396718319498,0.8291298273361137,0.0834811255198509,0.17252678292308982,0.38196645752409497,1.5452571697547433,-0.676241208242424,-0.5003860901204341,-0.5636826623316449,-2.57352424369814,-1.2763359206265377,0.40795690975064797,0.0767629503307216,1.0823538731623088,-0.34477744535889615,0.624287956648842,0.723348218864005,0.44339795063605675,-0.5968291881157131,0
103694,4435.43,1.5700322805426723,-0.4446375582456402,0.16469782743714056,0.6442681595093017,-0.17431370503474794,2.0100092893000014,1.2873243901521403,-1.1338155950868831,-0.15155545500997972,0.5288313018130198,-0.02733193410609337,-0.5199750884075218,0.5108629891483177,-0.8214695290296501,2.414217312238733,-1.0943647975501434,0.4385017695657377,0.4152725791132739,-0.3071002056878268,-0.8302167188922722,0.35502561793492887,-1.3844231543584364,-1.2584148305649208,-1.8719709055230525,-1.4251777645007055,1.6453818327071346,0.10131028322125178,-1.107852819556511,0
119879,3899.38,-0.3023242420763079,-0.42740794244947544,-0.36253502509936236,0.2765691525949277,-0.3915648063298045,1.7698624206769662,0.47097850370678035,-0.2180358781982199,-0.7036545495665113,0.1508702132775345,-0.6561959548884432,-0.3587659360951468,2.444582752582506,0.5310966022846075,-0.4702435923032813,-0.5881543569877504,0.07877772786633341,-1.1712161733772697,-0.5342402719629263,0.3131117685738916,1.2749773820208183,0.18379937299342966,-1.2386461271140756,-1.173245689947668,-1.80817792253016,1.1263475324349776,-0.7929315499398801,-1.874728280561408,0
110268,3210.16,-0.004562828990296256,-0.5526457733470056,0.5838003761562907,-0.6507135373450895,-0.015193128769989376,-1.034372827923598,0.8456015144669514,-2.6388085002598998,0.9319797549595751,-0.11787406458159562,-0.7328928857272259,-0.08152282681934891,-0.5422823377626642,1.6224983409010136,-0.429063876901458,1.4182387829062901,1.0539209114064536,2.2739410386772008,0.15091096362506948,0.12983191628803234,0.19774913553806917,-0.4143897919652327,0.9605779037089842,0.3548738029360466,1.182594359069889,-0.15742133377341097,2.4609962258425813,-0.21540612797099312,0
54886,420.71,-0.6823426011201539,0.9638503187153616,0.5434991027893419,1.0730873454103131,0.863100226170631,-0.7107601035491785,1.840217134841991,0.7789797120440013,1.8133439519827754,0.35600262922502623,-0.06957820892122617,-0.18241813553953884,-1.7967380129780532,0.022203934542636587,-0.24624212194871742,-1.0842100797798124,-0.9695035058459894,-0.23959232465370883,0.044607724434289384,0.8063654246577088,-0.8291091806340453,0.8569962449162634,-1.375225117962206,-0.8688460783184304,-1.97929830303683,-0.0012678534874969365,0.7407563785031073,-1.2645851145979052,0
137337,808.15,-0.04819548553581296,0.9735574475201241,1.083609653905471,-0.16396087960192127,-0.7964401810595795,0.07377010788688614,-0.7454734920621153,-2.409888167106808,-0.6574321575531379,0.21799741066613734,0.8899875622171,0.031075966875013874,1.4903794701929813,-1.4609249386516574,0.5957022501755148,2.1167468214796505,-0.08070565221712739,0.008763484885367153,1.2570797684810704,-0.600511018185164,-1.6047549879109688,0.15121834399513978,-0.17898344139169084,1.0637739837855766,-0.14819354138251523,0.6009383807117264,0.1270685733595555,0.05641945327380404,0
168266,4492.77,1.2711382259809147,1.385903321291099,-0.8505564586621955,0.547215938057004,0.10884563020912037,1.3972264225587627,-0.9438507054237175,-0.07737239133277289,-0.43223783916462677,0.5414075688725882,1.5910193057751172,-0.6766708032480138,-0.8333735587954348,-0.6872265309140099,1.32596997047509,-0.8406074274696438,0.888773117011151,1.654754358850542,2.5943101847741112,0.057602226005241515,-0.3488031548729745,0.09450765304739081,-0.1586511834690122,-0.9538890884133123,-0.3677023262177871,0.13617467474782943,-0.5136113022139397,1.7693373234006244,0
87498,3032.15,0.7708631014640396,1.008602949848836,0.10473529863813051,-0.9171598051960359,-1.1186314281988077,0.057013136371051244,-1.0945865395529288,0.015019226594289363,-0.1633208072838984,1.441716760950052,-0.20576859802966765,1.0045929091264905,-0.36158858057559284,-1.7794294488516276,-0.6528084841698033,0.7499499706512455,0.36119974375139846,-0.5866727743052094,1.1375390131506349,-0.6718674108838283,-1.9581754288830124,-1.0482511637190517,0.21757953634296223,0.45325450128577094,-0.46015096167640857,0.7051733219097177,0.9527596891941905,0.1995073264388884,0
112727,46.0,0.49268648380040525,-1.6322180794285188,-1.7485469849575264,-0.03088763557158007,-0.9941062330421927,-0.6472406379880465,-0.2657695864939831,0.538061720181809,0.5410567634926378,0.7841275908647004,-0.044743180762598096,0.09682817740951716,-1.1177496539261753,1.2902611290460646,0.38124426647807275,-0.14525129425498856,0.42559425346279633,1.6673823429386165,-0.45310758937508794,0.7061285491093263,-0.6284857063107556,-0.2300253079140055,-0.7498482103826004,-0.7618756289717585,0.31445082229065685,-2.2303204247730286,-0.7875678697260957,1.9972805022846487,0
126324,507.37,0.08887300613174359,0.28096432091819923,-1.2573403004288446,2.0034072671821046,-0.030938997155624107,-0.05888180990272468,1.4334224198251682,-0.04168080238989361,-0.15348427895585648,0.31059125887270267,-1.213941706157383,-0.5038467528248772,-0.35870377304891893,0.7641052963280948,-0.13592728985576719,-0.32055958252618555,1.108042858383234,-0.41147117413796075,-0.49339074970988994,1.1907461160252475,-0.29263062033020526,0.9701010940126534,-0.9269943866745629,0.3854697750335259,-0.6775924297784516,1.880803518793316,-0.8717747409692631,-0.9822732534781534,0
16023,3317.51,-1.4456099724720826,-1.058385402847052,0.8841008365591795,0.9629655291141299,-1.960158008293832,-0.6284848638960467,0.5280683677462349,2.0179079638332387,1.3872574110525957,1.8646250568230789,1.9391925690994662,0.34438421737853486,-0.8403915362054409,-0.5013692716678184,0.6181091025405885,-1.271420777125136,-0.406242448869528,0.6716981838212592,0.8686630423557151,0.4833248272528027,-0.6899159780289247,-0.776536344541371,0.3348944417522922,-1.5347873290951395,0.3957354624650479,0.061028583556320855,1.6933256357403823,-1.2809407999993476,0
41090,25.32,-0.8441369135177398,-0.5129143749714155,-0.950683791405327,0.30762075545105183,2.060558616616052,0.6024772094394821,0.4886919527092181,0.21631688156850074,1.1466239165619274,1.109929595880336,-1.401002838156084,-0.07436859881871455,0.6764418164947713,-1.4180599219689365,1.5094576934076902,-0.09839298275123809,-0.616830877122271,-0.5726816401592988,-1.6833446945728323,1.0611942762765827,0.04177365736491215,-0.03255022308771416,-0.8959958531697858,-0.4531829756295582,0.14115541469119494,-1.62246533089256,0.030675176070709104,-1.0270155882282783,0
67221,804.05,-0.34320123663116797,0.17059420358086325,-0.840908798047855,-0.4489208276097959,-1.1930599549102363,-0.7090337116647051,-1.8193079286647236,1.0536123992436601,-1.1854623535951,-0.09239843860334836,1.1716623117805505,-1.733826354483668,0.08079162972197933,-0.8332949582424903,-0.24032823743301487,-1.1582859963660044,0.5759044369323361,-1.3560364451447344,-0.31520292616347895,0.03249986288786191,-0.23610401091920777,-0.9364460516490096,-1.3599691901191746,-0.8462132852877351,2.098732354050425,-0.9137933515835214,-0.7633491867151124,-0.06510053875530415,1
64820,2743.67,0.4576764544288389,0.8355653983499038,-0.008278074550049355,0.06749853587500881,-0.04008851265655339,-0.510436052426967,-0.6931868272364192,-0.7234628088702879,0.5209681655748287,-1.2171204023529052,-0.3653359530124707,0.3409526902216264,-0.6810551606146789,-0.6382769656971474,-1.6698676666737307,-1.6815770997674404,-0.14943148601108933,0.4145943505406158,-0.23815293504385798,0.8055938349951759,-0.32768654132878194,-1.1838426410516691,1.2277999878516854,0.88323257530898,-1.3854093918181294,-2.1293270511692226,0.005685698039677293,2.722948687724303,0
769,3459.48,0.06965266451887907,-0.8908433424510777,0.6947610308465396,0.19756599017238208,1.1682177218168646,1.1619338134560961,-1.8356576328620369,0.1207568061894677,1.5203392373095028,-0.9878306809204656,-0.599366493840319,-1.0195062023841872,0.9958719766589276,0.10940759902005842,0.7439016768802931,0.11959867821744911,1.1222035676977153,0.6399034009835328,0.5841314848188115,0.07541774261246036,-2.4241506170373057,-0.08485904498935258,0.48809538137918235,0.4622624644542042,0.029268983904826695,-1.0902350801857508,0.8501865538483758,-1.6621147135514407,0
59735,3259.81,0.9835043063584651,-2.3247196614524013,-1.0608267958340962,0.4492284349197454,-0.8629053387504985,-0.7683649473140721,1.1712457893215436,1.5475700950289262,-0.4947809457668834,0.9332324483156341,-1.1100035718859267,0.9344277832313074,0.25499675067459876,0.07575934319837979,-0.8327052186054525,-0.6354231068357553,0.3697734371150561,-1.3158857423262387,0.6138663461407804,-1.0249280665857678,-1.2947051806855492,0.17380116487733835,1.7675023957653402,-1.2325760546154823,0.4313450998777634,-0.14224842863978576,0.6212544539551925,0.6196631181624246,0
64925,1121.35,0.4736273877275646,0.18053084180543139,-3.480808828760084,-1.0766605081776657,-2.3026969895447165,-1.4461280325601622,1.5856464928857328,-0.23769512468964085,-0.2942648717935566,-0.6303124792529813,2.4100486494071336,-0.241749638893447,-1.8460482504440554,1.3414319753737025,-0.14311573696377775,1.684348516124981,-0.6233506802902617,-0.30705831890871205,-0.7445605403930292,0.24672138869860635,0.6426567318548759,1.9938629392325948,0.7839676512169459,-0.2031807366208805,-0.2564025555322961,1.5147146124944029,0.9742622630864519,-0.6999653360405335,0
5311,3560.9,0.05435057793857113,2.6435715833985505,-0.8702232421435117,0.6684079609423651,-0.4449457601246716,0.09499375135630458,0.7795667272403815,0.19223476419523094,-0.5280369978529553,-1.008055477111948,0.2214916232783944,0.7800702973910638,0.9197033140843018,-0.6927548576980426,0.7870308368716137,1.0000217150928223,0.3383840268111418,1.2007589615369068,-0.414372661705184,-0.9952966937905094,0.8042562729474444,-0.455460383846209,-1.2681436516314983,-0.7723178427228345,-1.3370751078878382,0.4106745854198008,-1.2495559027394803,-0.22380305105096313,0
103355,1186.25,2.2757612975672035,-0.20284621967015248,1.2056280779528372,-1.0895930982946527,-0.8748203800761191,-0.36047340420459595,-0.986786045739545,0.9808534491374752,-0.5070756155235057,-0.7580853266871995,0.02128043710406337,-0.6302185531976071,0.1848678838526347,-1.5081878543539287,0.297394853531108,1.6974321813367699,-0.9026996642225333,0.6001189507966102,0.44510425483270666,2.3391289515689104,-1.8387767179789956,-0.050169267633882464,0.09636924005999573,0.9502571938685426,1.2571027806551944,0.23286061196457572,0.9491491616748444,-1.2580199112663373,0
85305,1627.01,0.4062266850499283,0.046915434950258676,0.3431350510168737,1.631125852281872,-2.2763735085920023,0.5114155009299537,1.4820224936157906,-0.7422295201916345,-1.6684515519110479,-0.6873843120907001,0.8867323595545424,0.06992926714063982,1.3907324875915426,-1.156978475142292,-0.10172002555304499,-0.6808829045078987,0.9469284683570564,-0.3952150017840508,-0.7989206559187648,-0.33408815877533443,-0.8147181812341315,-1.2500735179709248,-1.015628254718246,1.2715241476539387,0.33693433014405205,-1.1351045212157118,-0.17905877605114642,0.8791383240395397,0
159765,3732.46,-0.43194220160837227,1.7821636185360787,1.3238748037872132,-0.7716283224168784,0.28488989257219893,0.31747193473109014,-0.25325491002521017,-2.1615603333191933,-1.3283149514650507,0.850647667782251,-0.6508327256299632,1.2102435005068763,0.12391742634264473,-0.02302485444650096,-0.575881712458321,0.13613774013128735,-1.3971523065481517,-0.5975257016344556,1.206118434774283,0.6450378554489973,1.0719653675991272,0.6122400149069139,-1.6516095967182838,-1.4416451465108133,-1.266896712926594,-0.8244853056535114,0.08910076670387657,-0.04392513295512187,0
130608,3248.17,1.85996700648693,0.5902746190617881,-1.1318161421326958,0.29662831967617553,0.20709386223295154,-0.031918494643361994,-1.2144592807526615,0.2555736537123689,0.07747371873722987,-0.15674207578227609,0.0018459552310057436,-0.2690165464148226,-0.791709350567595,-0.7286780669457907,-2.899893780274999,-2.620670959681053,1.222065274196185,1.9482443251347765,0.609175233440241,-0.012413219525594604,-0.7180388134051491,0.3980947793532806,-0.44719939306998346,0.8267029743814808,0.43866796255825996,-0.746927693372195,1.2094944936447791,1.0874535506941656,0
156730,4246.12,1.2004115484133984,0.2168610369829383,-1.6393962676640563,1.005142573278018,1.1423264545383518,-0.06104342546999568,-0.9644042546116923,0.9886691693580026,1.5135979746527783,-1.3723746002994057,0.056336286812120925,-0.5908170987358049,-0.20429533330183694,-0.2920085455130258,0.6983208157562021,-0.281802380686724,0.32087651118457716,-1.446932069802858,0.1715095481948434,-1.2336134240359058,-0.11149078712511214,1.4883946776914283,0.9815328752991211,-0.8232960692577094,1.7015660700528568,-0.7061286121861053,0.7027256732712895,0.17524519403256078,0
84478,3288.07,1.816087790243815,0.44211666531347293,0.4625485526475405,-0.2523800434644497,-1.1208223655203873,-0.735858449322835,-0.43015663559183687,-1.3514457648919713,-0.6133608125182829,0.031044897762356697,-0.5121457323481332,0.6550406137817893,0.8039193308807204,-0.4540335803194438,-0.25295169922576405,0.09849834802468097,-0.16456096962267408,-0.05919857440860258,0.3909405982809195,-1.8985230300645715,1.4418053290159079,1.1116221515087088,0.27491271078750706,-0.25291677271931917,-0.03631593341592001,-0.3515368762486047,0.3510524809546788,-1.931623977176875,0
122537,2841.55,-0.11093193562951016,0.2502439325736485,0.2400227376850462,0.3406000190998585,-1.5991364864470128,0.08334707099324289,0.0495785204847066,0.6702198972773387,-0.642757302948558,0.22226613244824175,1.199638079185914,0.6356615967509606,-0.7707370597008625,0.9902384537051827,1.5133362783557256,0.1540480777017721,0.7633341509338765,-1.4646968736939443,-0.4668906169407998,0.749013955074131,-0.3615773114433937,0.35140666884228294,-1.390894131258771,0.032254229060957,-0.002212669470562166,-0.2760110617164809,-1.9839966831469544,1.096542795975214,0
149503,468.38,0.9763091264811027,-1.139754428156706,0.30555432037725844,1.4351815491900517,-0.4067230830465839,0.8812847814327686,-0.16134421165179372,0.6769663873395375,1.7015210704207346,-0.47933686144085164,-0.21865441149590414,-0.5487491334148188,-0.44029678710755854,-0.5869656870923221,0.3980280299618697,-0.04236841054167293,0.511326644162355,1.3148146448442812,-0.6262914221876187,1.5493409267710596,-0.5047194101871159,-0.47007149958870037,-0.48234157521273674,1.8166061635554727,1.5680050310433193,-0.3390783736268482,-0.045501855380286525,-2.0130006323096805,0
130523,1838.59,-1.4528494590723608,-1.3414451577996975,0.932996642650568,0.5644029878932662,-0.08834265900909503,-0.9734467413994762,-1.4126684181710272,-2.273496259115304,-1.1082574618159868,1.1558850841927,-1.5531320533688295,-1.9854610204177623,-0.2216885799990672,-0.3773420769478101,-0.5411253725348428,0.06659257175166802,1.3303816856580606,-0.007123612208336721,-0.42472221613872096,-0.7348037072103585,-0.15703669059262962,0.2046684378900604,-0.1428665853419799,-1.0038497270308853,-0.9703839817512533,-0.6713242302684823,-0.7846753875705005,-1.8699026829164123,0
2747,1326.02,0.7840064109141683,1.8868281121242367,0.42168492391225987,0.35555062967435275,0.9213496029864963,-0.005397376361534414,1.2133164091856419,-0.9362886324067723,-1.661243162706422,-0.42093888569228466,-0.30149736352087375,-0.610022977498356,-1.1493716102158729,0.7172835811587757,1.0668700883760402,-2.7132426341634117,1.321061738353467,0.1781740847694348,0.4999666922598495,-1.6566925195595903,1.8534107978998282,-0.11101346213176101,-1.6891124539708449,0.8347497226433022,1.7275520426206816,0.1350531658122264,0.711045304397363,-0.9172026801316363,0
123855,1219.96,-0.1577239582541034,0.1838833519051575,0.4056175931403788,-1.684785394820462,1.4105680050051588,1.0383887557346116,-0.15060591943684326,-0.3958287807316623,-0.8285154361374998,1.1083376866371504,0.24917867171389732,0.677359521686422,-0.7563234246285745,-0.564981911032076,1.1511294059581902,0.2562218360819781,0.35229044416628635,2.768892309627609,0.20101498070865345,-0.32516273242162486,0.4462018362894799,0.9533975332379796,0.7131723652486122,-1.1715044081696178,0.972911070368237,-0.314414783366775,0.9909581870356614,-0.9038555419523364,0
65725,4865.05,-1.3550579555179323,0.1000954425796983,0.7150070138011407,-0.9337222527402227,1.2144791339073469,0.5054240932166992,-0.7137538562706509,-0.17962400023523706,-0.6627844787943661,0.5967827796749764,-0.8934932338876084,-0.775034189423724,0.17255019180419026,0.42321237445701776,-0.21903181435247787,0.4834398919300388,-0.8717706880415772,-0.5934726757363933,-0.42271445969271,-0.9371170452387332,0.019081627779767917,0.8262314899624682,-0.22873502625875175,-1.2405935848407343,-0.9242189639800154,-1.5955672462222275,-0.3020310227827632,1.3960213653814821,0
129981,1965.49,1.0326004040179766,-0.0902276640562097,0.5024166321870274,1.046920127650012,0.27654366689266663,1.309472896350713,1.110302361982764,-0.7431342647679838,-1.7474530846950653,0.9266055080444071,-0.8145947931704389,-0.010937837016195572,1.2024777476530082,0.3314852620217588,1.1936448655732277,1.338025402628851,-0.5415090004462412,1.7485759140585337,0.7495817433076553,-0.6503156798620929,-0.5243599556815834,-0.2964154436547553,-1.3905948609320575,0.02846344841915499,-0.6682689998441153,0.03438182225793511,-0.6670414757886871,-0.17115638675036388,0
84654,4460.23,-1.810131324996016,0.7810732676164527,0.8574459317174058,0.5699503053413824,0.799499253504148,-0.5681423298343345,-1.1834061882665312,-0.7970028035821819,-0.12804170627461128,-1.0985508408063949,-0.5462590381260406,-0.657484937966344,0.3171469847104752,0.1417658589610795,-0.5553080553860471,0.36873805927693065,-0.07164688581164837,-0.3907319144081885,-0.17394642233615382,0.6103736997252851,0.5388169281811231,-1.4619937798268778,-1.4471735937410677,0.021729490989722763,-0.5248128336822896,-0.11676399778157646,1.556300795515933,1.247385291974663,0
166845,3155.7,-1.912706517064219,2.5386911017374865,1.0085208247785817,0.7214662737850742,-0.6404934347691842,-1.830768448394866,-1.6288901835745146,1.6714828911820923,0.9484463498615354,0.09831019223810258,1.2212356600669605,-1.9321671625260497,-0.045861259369021544,-1.1343963827064898,0.15964776940790298,-0.13073706671323823,1.0817216943950938,-0.23351245758489844,-0.693310745589168,-0.050463047402838246,0.6596997699307984,1.3333873002204246,1.100663944921611,-2.8323183184692535,-1.83356421398709,-1.579627452555176,-0.6031475670136943,-0.567917478585953,0
119346,3974.06,0.36247645880530205,0.5239526671077938,1.531688801240915,0.6353969322148971,0.1683951924752465,0.20065180395568705,1.272487446598739,-0.10755913185890842,-1.2859547737148262,-0.05282800457476905,-0.4871580226457061,-0.6754811770399278,-0.8312707739523109,1.229774224521937,0.5714083877187804,1.1049419222309718,-0.45638646133747546,2.6381752566205994,0.2543415092985207,-0.8295075588820175,-1.0731785094754698,0.581873956823205,-0.3808130321457192,1.1595962893754976,0.26047174907088094,-0.5913014466965381,-1.194537507036252,0.3176463690106352,0
67435,2513.19,0.571347510326788,-0.5880868263145528,-0.6491913249036794,1.289756528375374,-1.1912901392878061,0.36257081502648514,1.891387849550339,-0.6950436601497395,0.08757821895358911,-1.422006524907533,1.429117018551031,0.6731320206897123,1.0951604117202318,2.220683796583114,0.7847815840141892,-2.357334224599479,-0.37294052043013654,-0.1610903772616734,-1.0130295116228378,0.588500786261195,0.6866281919461598,-0.319490070572669,1.1903520289564116,-2.139114124430851,-0.8789470032478534,0.5970725610113586,-0.8326711530189439,0.47404231151220627,0
56886,2884.52,0.9705238200132107,-0.13340085789154404,0.48056210741074734,-0.26139992495512276,0.0626853968868732,1.3684219544726752,-0.4620960186513983,-0.041169476912550004,0.3959356756267731,1.1050607298029094,-0.6149504381483357,-2.3702524800658122,0.43350549994684245,0.008828138267394708,0.62152184861589,-0.5149485306271437,1.8483506292674268,-1.374371404295248,-1.6872237499357012,0.6668723450757911,-0.1511522866234305,0.5428733481036709,1.5721554799027153,-0.14593743611330154,0.2965513214313054,-1.1364499386607045,-0.5549993881142102,0.6960654170770493,0
66803,2462.59,0.7419630165294652,1.070996467205255,-0.3703233685972966,0.12049995878930102,0.0886466973980125,1.188145734706984,-0.045970007917145186,0.5370908330611436,-0.0833842752742931,-0.8174008969073498,0.3250141362565419,0.25216735047557565,-0.7067297635192396,-1.0463548733703751,-0.3326571805631725,-0.7658099800587114,-0.10429851137772668,0.28191878812631216,-0.005104575565263934,-0.3370574860446252,0.02479863462860666,0.07486130625002908,1.0224482728559243,1.3276154516053054,-1.2909432503252167,-1.2421790697284936,-0.8613630529495482,-0.4649261744158378,0
31551,976.22,1.476658625429629,-0.5828006014129976,-0.8335589872792668,-1.028674333129084,1.7221286056849698,0.5367436230124615,-1.1466647145209035,0.05162637671120796,0.1856925897410594,-0.6095678288359828,-0.44624267421975117,-1.1860692313994132,0.8986484586849005,0.029102708325022607,1.0936976406914414,-0.03452179983131104,-0.6347318902666053,-0.1727368251670042,-0.6574137937108836,0.13791652091806014,-0.8842890029883183,1.3186179262194737,-0.5334317466174908,2.209183966688679,0.9230132368944994,-0.3248836219917387,0.8453913832780725,-0.377854888784894,0
116216,3612.26,0.700242953362419,0.8522464890302681,-0.6895403210803661,-1.278022583436376,-0.22898286149024658,0.7653902141704337,0.005492550243393307,-0.20572759082797323,0.19732726259521088,-1.0133158355977259,0.7540831702904721,0.6084420694741921,0.559577061510467,0.9898601405859991,-0.12442732310641852,-2.1986928122291647,0.7766460283941474,0.36709584173386034,-0.25415435266984954,0.5205018830769746,-0.39998202782890996,-1.9297802318050268,-2.4978471195672807,-0.3630498636885798,0.7376259301305024,0.622932269811964,-2.197913445574011,-0.2981305792658438,0
11394,1403.87,-0.13229944394246262,-2.3207373739781305,0.49495551756152545,-1.6437407155880577,0.09004283765328626,-0.1918214582066392,-0.47570526373119687,-0.6500166686704533,-0.812727956918432,0.7011863260703732,-1.1182741545652792,0.7143189358736531,-0.8135303493662359,-0.6151876757156072,-0.5690273622751935,1.3196356622437186,-0.056134282959584794,-0.13359779332776944,-0.9667329181444497,0.42610313098339714,-1.030142265222829,-0.39719096651343244,0.31299630453482846,-1.4329490836170877,-0.7058790140602151,1.8103275907226957,-0.8825604114455291,-1.6524123902968042,0
69092,121.59,-0.07361111579190632,-0.2298795714463868,0.4182525547860004,-0.8851634989998477,0.23696141571204274,-1.2191146113192166,-0.10212844003499932,-0.662130845467599,1.4985825720118682,-1.5259297187725958,0.7428594795772315,-0.17194793491127605,-0.10137825626420019,-0.12889918411818965,-0.554337967313331,-0.249809899684246,-1.3895991634335654,2.2155446162047645,1.20893213970257,0.040614086965532745,-1.0782181701163007,1.5990545154786884,2.091576369778548,1.290548225767958,0.3596491578821158,0.6589353548536838,-0.04749744545486307,-0.08390186326829689,0
3890,3227.37,-0.28222118898721094,0.6281400134806694,0.4004120292384369,1.552561815489642,-0.4548203158884532,0.11772121738091015,0.4092583875972426,-0.5978083864853595,1.2477568340762155,0.6178748004645681,0.11386940030968377,-0.16966815878122207,-0.4927727282429369,0.3406541364121413,1.939988391476335,0.3187966911589339,1.0409140828073737,0.5567358388359357,-0.6614927439281383,1.4325861182252961,0.3770902204267797,0.5631984034673122,-0.0353900781738251,0.8651565501202622,0.0829205593095799,1.0848277401561082,0.21024622000229307,-0.38368425507628,1
41606,885.56,0.29547752442318337,1.2701255465757155,-0.22571364756933313,-1.5527270678160376,-0.8024927332116473,0.9825734636277772,-1.0981454780308466,0.3388146008107369,1.1899113972411677,1.0445139862434607,-0.6399918167774491,-0.8063626971363014,2.633537940031605,1.2030478522059247,-0.7419834280919447,0.2230912250598942,-0.7470393206992747,-1.074964627725818,-0.4319993781708099,0.5826808130151858,-0.3551165654431084,1.772606668314208,-1.989815518799147,-0.48899228957847524,1.4822994861529117,0.34669762850166363,1.6918348375245835,0.5800728940775537,0
87313,4702.29,-1.0973458685666584,-0.8184742170423912,0.003414751178410458,-0.30353598557719785,1.298811324847052,0.6563608698285485,-0.3618113392325675,-0.9941800924017872,1.0136757405438634,0.5371784276257605,-0.1662214847101506,-1.345583400104966,0.5317448831256588,0.7754237330893744,1.2916352267604467,1.2624898948769503,0.043585598389575965,0.12454680202385442,0.37788326758323426,-0.45067901649773273,-1.299637669862416,-1.2218070931634644,-0.6748784964301175,-0.6157374582092063,-1.0324789678948723,-0.6851159796427303,1.545237712763686,0.09130117105966842,1
141699,4769.64,0.34092219855895356,-1.5027650176306036,0.8177526958760498,-1.2931453236461579,-0.9809174429602977,0.8338073391593647,-1.8037814217781782,0.3932692234702219,-1.574979469433024,0.712628483846429,1.533854941032175,1.698092906333733,0.18676205484824018,0.8168679695322622,-1.1354666958101698,-1.8619501348740473,-0.06813911378735642,-0.7996298241670389,-1.376614298322683,-0.44466906769890485,2.177052647488376,1.0721967159384873,-0.18373327476680484,-0.7173921636594315,-0.15229797849414675,0.6517110765969125,-1.6007371559445422,1.3363818034531878,0
8792,4574.32,-0.08641350683161349,-0.26073516489181897,-1.4893930596493061,-0.600973963003361,-1.3279180716872732,-0.427755687046752,-0.354987284113288,1.41299475562683,0.9260623778119661,0.7595464695780427,0.13784450488078345,-0.8650714271711278,0.4726630560767134,-0.4262685566764252,0.4879054450741863,0.11232116546981238,0.23010117346986314,-0.2477138425029538,-1.4505497732487043,-0.5580863501366736,-1.1246550393159365,1.012224423453833,-1.0979885674197973,-0.34458653573463344,-0.6406836367077731,-0.08560804892812099,-1.9080479405695796,0.07008847520856673,0
154969,1850.8,0.27563515788740767,-1.1254190077468889,0.02464209842858423,0.1696937923520195,0.6802653792954804,-0.2655468380184237,-0.09343407091699951,0.32570735781319976,0.6556014275495079,-0.9494243267257642,-0.7027280159126388,1.5677961311964723,1.3791625881974978,0.40191895517392295,0.297083451490835,1.1461782607048603,-2.1910740725646645,-0.9104407105668227,0.3809528356934129,0.6321209472278112,1.0921029610193338,-1.681728535328834,-2.563953967979889,0.3160681424016309,0.04481819710016778,0.37703383782801303,0.02497126237099896,-0.5622056962202638,0
68148,77.29,0.27872303497066114,-0.1490366667295299,0.08995614812678975,-0.7001158732050082,1.1578148420240095,0.48342548811460334,0.22898242506107808,-0.36958552891713703,-1.5365236149437833,1.434734979664344,-1.2046932828281127,-0.8595000398001769,-0.08338014443846556,-0.7219633271251292,1.621226879726228,-0.09798644672069134,-0.3350994787992345,2.1071185232060228,-0.44494763046216945,-0.6227475600019066,-1.4764636416218018,-0.29550228953308394,-0.09785077021512495,-0.5660145827367716,0.5332736027835934,-0.9460298263509611,-0.673185236463088,0.05769722216578412,0
124243,4641.59,-2.452264601315733,-0.006653454631237347,0.7533042690776492,1.0896648650164613,-0.451409657600639,-0.5465073945087545,0.23957654036320872,-1.2981268850546304,-0.2149103551500782,-0.4600762541334986,0.5054042734309971,0.5251903903377283,-0.5899092978657563,0.8455260998852114,-0.6544018951685149,-0.9512693931383018,1.1248370601157018,-0.6913846151782217,-0.9014951068941558,-0.4248990892028066,0.4565023351677955,-0.10652910519408315,-0.7848762463576265,-0.43958027556224044,-0.651807378073709,0.46644580083980597,-1.1920263419831856,0.7241672408771637,0
120174,2140.93,-0.901293818664668,-1.3191450452019449,-1.350248411942825,1.5339781208495669,-0.4360534876498796,-0.5157170699330023,0.9039227507368559,1.5781068079115141,0.2767934493252883,-0.06638761758997193,0.19584524701068554,-1.1378071596536348,0.8442832280974177,1.1512196407856137,-0.930664217960387,-0.6038901156557858,1.2654455198916539,0.6875643519941369,0.6033731729473202,1.0580223881158126,-0.25056036861869124,-1.6195560287674056,1.7726916608999155,0.6412790194105756,-0.36410622138921245,-0.12050819676589646,0.016120897460654492,-1.7732074077890467,0
154555,4833.27,-0.10862866408885558,0.8044391101108651,1.4951337455174116,-2.249095728055939,0.2825435261067931,0.29798223637745164,-1.5396665192733199,-1.1700176505989124,1.6643170981246351,-0.33263731835095905,0.6950206950882235,0.5233950169020153,-0.17494456600131203,0.5533635687726227,-0.1165103783469821,-0.39294200180640454,-0.9912903816403211,-0.3234794218766272,-0.811921659107993,0.19163196206738903,-0.6290567313584048,-0.27460232652043887,0.10103348798279618,-1.4824141410588727,0.9660407980573626,0.23125774718408365,0.23069731833443458,-0.7152485188175908,0
124358,4818.1,-0.05548495829767373,-0.15721389336445102,0.2136304244285101,-0.6829923303511227,-0.7078526767431832,0.7609047431569078,-1.4862770299502939,0.8485620344757479,0.7247238578942587,0.4915421208773093,-1.4622247396898422,-0.3255873571531219,-1.0698953290805033,-0.3674105867948155,1.6648018292404523,-0.7210500295229891,0.9205982427118157,-1.1584131725727902,-0.2745122995489245,1.1985326271211874,0.19674232376570605,0.8731831407786059,0.46957889689839183,-0.3759357199135793,1.3573246619264427,-0.0850731748251321,-0.8389684396441776,-0.6941767358853519,0
48555,4265.05,0.25938930899969403,1.0804598690053497,0.26658054669493636,0.059142122272422416,-0.7817125206119687,-0.19952867332940877,0.5289579363925203,0.6385178605944855,-0.8645657272783016,-0.5380372431374223,-1.1722604528915,-0.3125161606756704,-1.2646864317560584,-0.20372712804159823,-0.8841584799437681,-0.15281111706735942,-0.761429754425584,0.1976493028995068,-0.8961304679725128,0.7980598733523421,0.06225985632933222,-0.39092305952474016,-0.11908614349605941,-1.6759410190991015,0.4935160352028785,-0.2772031153416828,-0.624084745037494,0.4109902028775005,0
17159,1472.25,0.3023482903316427,-1.8449052402960937,-0.40137975733222647,1.1261170260153806,0.8795925879863657,-1.1631894610536389,-2.038961277005416,-0.23676860296405963,1.6953884584519632,0.06691572423736862,1.1468791992518994,0.6100231697844505,1.5292965508395333,1.8065162106620096,-2.5884166322041997,1.5082474031850017,-0.37453225938728335,0.4006918370857067,0.3034371862498239,-1.1766718290700633,-0.8124651836820451,0.24213315567402635,0.09373330317385331,0.10841247335290131,-0.137963098743159,0.4846907796184085,-0.7620415273876496,0.5272865396919497,0
110510,1925.49,1.5162333229338962,-1.0171921705453906,0.5380223547968438,-0.4542442751532624,0.6071311007836184,-0.7358039150428299,0.18330021210499314,-0.262978803780678,0.0437797627138891,-1.235343817146005,0.3313416467793406,-0.4691413650790981,0.13164456691928453,-0.35071044462349615,0.05976783737328261,-0.5973647655374826,-0.3219843664592515,0.5586265327545139,1.332076192716774,-0.10213305824070133,-0.8577388807870001,0.24937028272765205,-1.6522992883621435,-1.9394054081418746,-0.2330969210371493,-0.40609112889156374,-0.41149124122128045,0.10122772783489464,0
106530,4255.68,0.31245848109794744,0.5166693086481229,0.04795405028310565,-0.01993539524581029,1.3111588863181052,0.20367208489309827,-1.1802929395898938,-1.8357112740410206,-0.25584113690309174,1.1646652085015716,0.5334008512375619,-1.4281484954450976,-0.5895673839924012,1.0499941674505682,0.9495229179610088,-0.48767397427899917,0.1088037097054082,-2.6222191545409426,-1.8610399293321147,0.9899490399685423,-1.573914211994401,-0.012143411138766203,-1.0401663052212893,0.8900101268264297,0.5481263287272902,-1.5886881303775897,0.5414440993897373,-2.478638119127923,0
80077,1584.62,-0.31302370821644054,-0.7991105708252652,1.2089819441064658,-1.1567442250519486,-1.2525890123654957,0.19152096386596482,1.5728146409171813,0.3300650008126215,-0.3271181965888122,0.6707409459502034,-0.9626870321079533,0.7613055634094525,-0.23433491104206355,0.3388915982185217,-1.013805932639863,0.45978058405031313,1.0013664562908624,-1.2348457136690911,0.1126576887506457,-1.2221760651510123,0.3055643843570512,-0.7051820240254287,1.0886147013193521,-1.3146373957920054,0.22776700140487174,-1.8739700756824453,-1.0779058611515868,-1.651918183191787,0
35920,847.47,-1.5991234725374825,-0.1645356580496962,-1.4414942480636153,-1.5327958522623455,-0.5024624869106167,0.24123813765534804,0.25045240772777744,0.6199263323958049,-1.6235552380231333,-0.2922597619017695,-0.9809871983289186,-1.1459005899823282,0.8074447180083516,-0.3341364484598427,0.847932173353264,-0.17482036396387599,0.26458453602911114,0.9575547190218846,0.8565884418863505,0.41971082035867624,-1.2538048271000084,0.6588139748838979,0.20946196973019687,-1.7725785653614543,-1.648975837891303,0.1844165694269777,-0.640684993497601,-0.23893182145712105,0
19457,2784.01,-1.3685901155418572,0.0006991175571747527,0.17554582989050802,1.4453846895829336,0.2811795622694529,0.5212952905957563,-0.21915601971306176,-1.0890801161478045,-0.10976950381614235,-0.4691490300258103,0.9912586581920886,0.51651728439791,-0.29340551584204505,-1.3446490274694252,-1.0359109850124564,-1.3291851333448825,-0.12613176032384468,-0.9236069626087919,-0.4214777473057731,-0.03923647369874391,0.00397495651718248,-1.5870337615259915,-0.3985069178825137,-0.3636132959016177,0.5723852323079027,-0.44721781472885597,-0.3992821430855018,-0.5014694233584738,1
78953,4680.77,0.5354918099752046,0.1582559809533675,0.40851234837742617,-1.8240698738929368,-0.9256208497743664,0.005810558542450015,1.2277208771391783,-0.15582147432910282,0.49748525730565785,0.6446282463176967,1.0383776547651489,0.9729965453330005,-1.4494197291774182,0.21160038058850683,-0.14655853569167893,-0.06118843777902161,0.9673112330382155,0.20294405031011112,-1.1310423742958853,-1.7547887421223871,0.5924779841207163,0.008588138508182646,0.4861712414658739,1.7111072916770502,-0.8605697894225621,-1.7290991774320505,-0.006752405155139963,0.005370378836003093,1
52995,3480.15,1.060446814110468,-0.6775662127337071,-0.1863723943630917,2.328619008421566,0.6416874371546496,0.2650560448403119,-1.0634020065709509,0.03786191500895019,-0.38538332752521576,-0.7072933806359618,-1.0883194870290538,-0.3754938863522174,0.32584085214792474,0.09110086660612234,0.7526823152860572,-0.0988914323969255,-0.8026613902337145,-1.2580246952287855,0.4209635271274037,0.11965930451893353,0.2080550318240542,1.3854863405180886,0.5058619098405933,0.7111924534215757,-1.4169364084756522,0.10653496705378047,0.2759844929124723,-0.4693981624354754,0
171829,2850.31,1.5413709969181826,0.14928656347247762,-0.4046658233070462,0.7251513993817416,1.2246270872263318,-0.04502682282886669,-0.8734096340878084,0.5845726279495681,0.4204524772475584,0.12536531576516902,-1.2793704958528451,1.182352844091784,1.2083478175735631,1.8065346714593336,-1.1874654017384385,0.9756783454381532,-0.07721744346794951,0.7316011021584401,1.0016535033771001,-0.8374680161265329,-0.7231312980172583,-0.4473732498412154,1.9908946329442072,-1.9223141054539656,-1.6683448881087257,-0.09387455497335931,2.042257840510792,1.531642466149037,0
9692,485.89,-0.8278930789157132,-0.7825437052344801,-0.3629572789687074,0.6799730755167559,-0.5833579722273482,1.1487334829294389,-1.261454833655109,0.0038030761231874206,-0.8643910709141808,1.161398787431406,-0.1085929707124442,0.48178370786128394,1.1414643179722508,-0.8601926954224983,0.18151333150755436,-0.9721523982026613,0.9957812283775287,0.9312695959955741,0.8905221776454686,-1.167651782116426,0.9088124113499689,-0.7273212215022773,0.1630663438855776,-1.343125267644541,-0.21610437118331924,-0.4996135932227324,0.5721257176083903,-2.2939415848465217,0
37065,3075.04,-0.30386443543092717,0.6742804687467753,0.174639269367828,0.5754686674944302,0.03859194022703303,1.4323420312175017,-0.865039226348993,-1.6263193539615841,-0.1409279142776198,-0.8112571191371925,-0.7993484533760062,-0.6958614201447756,-0.5593299381372452,2.2947685915477845,1.214973511292237,0.9823194827554433,0.529306211790573,0.7319099061723667,0.36590933791482744,0.009140675822632775,-0.40797147810125295,0.7255161387753777,-1.0625075755103008,-0.3956003732457072,-1.0165243621826023,0.24680931818085258,0.5959313470391664,0.3026276315298145,0
99299,4950.27,0.24233368608311256,-0.11484401948302342,-1.809958900980706,-0.2526856880009639,1.4556186900811166,-1.1890112823800345,0.06111560936738784,-0.5299377694624893,0.3165403266086319,0.36860082912020287,-0.8201768790460255,1.4014290022660747,1.2691726564583794,0.3788105294965933,0.4739340992113509,-0.09783081209994353,-0.46630397744491264,1.0325568123535973,0.09791373760864185,-1.9308529392530067,-1.334160759004991,0.16343176058713194,-0.11569648291566763,2.2383531617708616,-2.3263615597391976,1.315094010107804,-0.266613013279537,0.8280104061634723,0
163678,700.43,2.047398921130238,0.1550366235955187,0.9650149610632297,0.3920845297008694,1.7992715750189994,-0.2552519421022534,0.4939518719937205,0.22462578538901948,0.18966087706342083,0.31572526693549224,-1.2513782464273926,-1.1416718217393904,0.21294997367162288,0.3778292212221578,-0.7206260575907678,-1.1079416709149958,-1.5129567666002675,1.5639001448995327,-0.8990125553843011,-0.6742902925848823,-0.28372750445327777,0.7454472820569326,0.6075656271213766,-0.938954147968868,-0.35845550683681077,1.284590718685139,-0.9798657956974325,0.7015384583583996,0
11534,2591.65,0.11486146821389558,2.569926839690334,-0.48013186769585076,-0.1888966877844753,0.7458012510604037,0.03272449154070758,0.9614216853675427,0.8415283420397591,-1.6054650897190463,-0.09733681866268276,-0.46843384828036677,-0.37670042990356545,1.2411473438787268,-0.5930721344322301,1.5187183527167938,-1.3087783120769287,0.31085819079481136,-1.1740741316089747,0.865244950343942,2.5511742525026477,0.5867973779847261,0.038498485695272235,0.9956590114287024,-0.9308852437031945,-0.49057083488586584,0.14376464310858494,-0.5282140148497824,0.7872729880011845,0
40397,4386.87,1.551262854732971,-1.1071044546000215,0.12780269736678268,0.5530732764404795,0.5934291731936091,-0.266914712014321,-1.824724046900739,-0.6176366093942468,-0.43900595087122857,-0.5037895841039367,-1.154694742632866,-0.20631480361932888,0.5736870300025537,0.31470630755446866,0.6583925119224902,1.9343885279085298,-1.5786752019029893,-0.7886719311513626,0.8099568133525075,0.6502223934069432,-0.6744143144101269,-2.3882924507511794,-1.6150318721278794,1.5274293868801814,-0.14990111465838005,-0.08471043286285353,-0.7103324902148916,0.9311159083909344,0
91387,3703.85,0.1699729029073083,1.388582269040288,0.36710226678806723,-0.03368652690871602,-0.8537365346849118,1.792922591330873,-0.17186298646329173,2.1876498745500195,1.677462930312606,1.214797056894385,-1.0954009030092366,0.6052237010182555,-1.5215968426326696,0.4730509282332128,-1.8604479999243069,-0.1599160228354403,-0.21250136469116512,0.8975435703037948,-1.138058318655267,-0.8814249061673531,0.8781824149703045,1.179913410425699,0.2537067194918132,0.19490720526237576,-0.6288979540423771,0.15773520761168094,0.39223067555456603,-0.6039798866072239,0
1016,3485.08,1.1532451864284559,-2.6593513570493728,-0.5258053873129568,-0.9503481831017347,0.35920940045784094,0.22395527808973467,-1.1081645311908017,-1.8944730688369646,-0.4924460743305178,-0.5975686357669662,0.2983918465663045,1.1154332973811345,1.7467389375083464,0.9373272918208769,0.8642436147342264,0.9365041167304881,1.1789483992366676,1.1302197718374811,0.36447972784649113,1.4041659401003963,-0.7703260652176507,2.0700263824782756,-0.8972549274981164,1.0530000272987412,1.8293296635272782,0.30900693277434826,-1.651281423623733,-1.101483756976957,0
55591,3512.42,1.0265798465520781,-2.078376654918943,-0.1310384069989959,-0.8705726162617562,0.5568208407749982,-0.8053718270503438,-0.20528709148810095,-0.563700175057901,0.015807544111839433,-1.81203890112962,-0.05519823428737651,1.0527915569027135,0.05178385119895345,-0.978322207591943,-0.5713742524172769,-1.7081193946081297,0.5967586463018494,-0.6743429535719255,0.6528238755197853,-0.9920435607771338,-0.6342131936855273,1.2840410068362866,-0.5666319246194422,-0.7270995401759647,0.5173372946836405,-0.2682981770580552,0.5925337195872442,-2.0346816726946724,0
23247,1797.46,0.1660881325081512,-1.2406400776875708,-2.035240240625504,-0.9842723752925036,-0.21037015856104574,0.596442339560671,2.33416358012704,-0.0830336034927732,-0.08675575054894435,0.6405335916310338,0.4848786815321318,0.22374831957430621,0.5767938239138171,1.4067808557880386,0.19656354764246445,2.6376948879639013,-2.023653978012167,-0.7438860653255841,0.8821137720755067,-0.5536951531354725,-1.0460790158532527,-3.5388577250697595,0.8458396242433921,-0.1016358477290527,-0.4996133236214773,0.17454305995310235,-0.11723958943602521,-0.3626028336796952,0
24300,1467.97,-1.0203832472621548,-1.1775283652749364,0.732123607333072,0.9709007319343095,-0.5947762545556623,0.2709745388461927,0.29186176200001496,-0.20074916355286412,1.5682397589196513,-1.201303349767834,-1.6490334353493064,-0.28026910446356673,-1.3440446284718441,0.36141552377197955,1.0080040042932596,0.8932446283671284,0.20045150434031708,-0.6522134899305057,-0.07498961912722062,-1.1488514099292881,0.6837095369080293,0.4510882125055664,0.7462485394318988,1.3156318621882446,-0.06362683744736257,-1.5736295710417973,0.7333482326890381,-0.7775331239548554,0
82798,4046.81,-0.2690944379289504,0.20370179813884956,1.0800690003221647,-0.6174466124590982,-1.2812976734768549,0.3041929195534216,0.8994649711482459,-1.2321423298148326,1.2903681221946703,0.6918811448550872,0.009880609829763149,-1.8259842416276302,0.5053265000780651,0.6082288953073121,-0.5496045846648339,-0.25544021415520907,-0.31916991460259436,-1.605094964043946,-0.857567574146144,0.2560798786660208,-0.05324257008920245,-0.46674581057504627,-0.6781524611975589,-0.1448408767357999,1.4146426674953478,0.08134888334676436,-0.7239081891542735,1.1616088136571376,0
9268,4050.57,1.489045173884479,0.28984226416846787,-1.7009935519387536,-1.9121031610848602,-1.7377297550512922,1.8078761587991903,1.9606912721610468,0.44786174775179377,0.8075309998188095,1.3349032478434442,2.075637542165838,-1.3141458544552165,1.1029277327426599,-0.22094226150476054,-1.645592614041814,-0.30616585785550987,-1.2737174007254495,-1.2714111821740754,-0.5021161798640451,1.3686296220971284,-0.9797619477439743,-1.084243753611709,-0.15784202104008319,1.123053197526463,0.9566228117354912,0.4768135950246047,-0.9013697148422457,-0.2875581101511349,0
86807,4335.36,0.8778251684801136,-0.2548212683723646,-0.4064928766962619,0.3968386658488053,-1.947883513321163,0.3507851757548093,1.1273582431747582,0.37109405131392204,-0.9732423133725336,0.6297498783986742,-0.3722724842855991,1.7666554892914357,1.9353203365984042,-0.9281426382790505,1.5055451919058283,0.7345981283029958,0.3350212958021024,-1.2472926450301534,-1.0072498584559615,-0.9990062325598563,-0.3962103422811035,0.122732161638273,-0.5360817951208534,0.38726730043453017,-1.3962118143750324,-0.48984194200640596,-0.4066687190384437,-1.030405737227558,0
12185,4566.2,-0.43365032677184717,-0.14987796676246168,-1.2298693782408145,1.5145175625895815,0.5794425728672615,-0.3036615238739961,-0.44791447968698456,0.04796144598154671,0.35918304919208,1.0714113018874913,0.8247490065722979,-1.8360719875025393,1.4003997947952824,0.07272462740328739,1.1645834712019478,0.677181686725047,-0.4917378487907272,-0.29409847380563336,-0.05106066511498226,-2.060443037409089,-3.0711509878990277,-0.14894729489972075,2.8917029899567672,-1.0396290784189188,-0.9742905608266295,-0.09547264428609868,-0.43064925275382604,-1.1885354539611006,0
170171,2556.72,-0.34230863862439936,0.5277647609316608,-0.17774032148740596,0.7730831891775268,0.1476993252267769,-1.955276426310101,-1.2758320865699382,0.33184386325851556,0.5679417430751318,2.020049106929647,0.8160068487744233,-0.7844906432421096,0.5542247039460395,0.18729554982321833,-0.08725601318294572,0.18252928039743874,-0.48553403863949773,0.2708365158339546,-0.24688539656869044,1.0909666745194195,0.7779723634666434,0.5086578042798411,0.27835816644536276,-0.01631721234602282,-0.7818468740233404,-1.111505380701124,0.80634841107493,1.9888200537837943,0
139643,2507.59,-1.7308731037655674,0.8332238776207417,0.648636334720961,-0.6033235652217123,-0.4838111315410965,-0.1653990181435119,-0.030144269520851127,-0.4237764114480308,-0.6986048355960544,0.9667604626089467,0.8651986080012756,1.1446062820500897,-1.5443773533483862,-1.3854282681144907,0.8534214514921151,0.010878758202230474,0.12404511842672028,0.43347283164237227,2.145036420768707,1.5538005010876805,-0.1707466394983074,0.05658018930545408,-0.8394815912727899,0.9813839922750334,-0.43969995093580877,-1.2503135829593135,0.7968048330570654,-0.02208631499157738,0
38044,3991.48,1.444338791981811,-1.326539016109759,0.9873088992566251,-1.5868117155950892,-0.3314562977246389,1.3059699173271888,-0.5677057842186854,-1.6173629501085678,-0.8705171058476889,0.3305733926254358,0.16666168705732284,0.20971329919736692,0.13227279049742133,0.7932854051651251,-0.3693867320636845,0.5610670840259165,-0.6258845309014845,-0.508562253275681,0.8946771424381318,-1.995080466414733,-2.406238151009897,-1.120812106888977,1.3221671462211262,0.6694161911868851,-0.5954232028760423,0.21081507795919088,1.9050230835354185,-0.7815044632739434,0
51214,3249.82,0.8860635602461532,-0.3618909712330037,1.1218531894268484,-0.13426810335751052,0.21047054153048458,-0.09116911955618714,-1.5245212866191742,-0.7166398700522447,1.70501414720703,1.633948183523648,0.5660859827442142,0.9280450710056922,-0.5925095652129303,0.9965246338965807,0.09697017676084972,-1.7417035530801772,0.09573583386656329,-0.48398711628087887,0.969548066889097,0.46005434144644425,-1.4566814413240818,-0.576601776742971,1.357461365683299,-0.04025289842082823,0.03400925486107758,-0.7295630157376162,-0.4954921445178963,0.12404180777202146,0
114752,3509.84,-0.13707782104185295,-0.06958982291301025,1.310543824692213,-0.15922387809671018,-0.16456307100859416,-2.240049898519503,0.24092499728946865,0.15705458140944115,-0.30080331221692885,1.7547755448465847,0.6990136200130055,0.5428283512706765,0.2349778748162469,-0.7296646238211267,-0.14428794263673994,-0.371274712614253,-0.5933248896299341,0.12366149515126128,0.47135249082772884,0.22650535211528855,-0.4215940625576031,-0.7379585563250161,1.791670710523534,-1.8917143889714996,0.7357213110188878,-1.7768256615760247,-3.3475505964875936,1.8968891561650707,0
48984,3978.97,0.20013441917342262,0.4853159965604532,-0.22241277845556565,-0.969199610313766,-1.3405531800038282,-0.49836239219244655,0.26588629805933295,0.16274441484639593,1.6149768189111484,1.7687717832594205,0.6354460283143577,1.4695825373608864,-1.216325832795099,-1.0225853502720914,-0.32894408535730224,-1.646863858292846,-0.538461460622542,-1.496014557149427,-0.367317646668518,-0.7874753048877547,-1.314170759104837,-1.7164831767444462,2.087993682510094,-1.7959914814097162,0.9026602893824857,-1.111778299134442,-0.4094225730308178,-0.38968064229955557,0
40774,4450.03,-2.17086582813041,-0.7726671422734709,-1.1469586287334392,0.5510373022425374,0.9130002202742996,0.9926885389127922,1.7691167002632864,0.041379052585847835,0.9970937554945338,-0.4921435151960026,-1.1174181735133961,0.2954272865648849,-0.2101669077919015,-0.302961376874301,0.3593025800857549,0.6045923447025049,0.992929769295528,0.9594405320830891,-0.2753899588180738,-1.394355666669233,0.7933493236860584,-1.3716446439538834,0.7077148828661287,-1.5833055896271162,-0.3267973428992907,-0.966379093792069,0.23065792520835698,0.6870107094481968,0
2568,1689.98,-0.4867144960427494,-0.08922117559367017,-0.1145903003079688,1.8466265008304728,0.3041261706698093,0.5458171745620152,-0.3617630688368137,0.5487082679850316,0.40787678237532143,-1.354018358498404,-1.7073844825439868,0.6634477291515113,-0.5171830838060685,0.023895096986299567,-1.2081788236455882,-0.6758139710333193,1.0946716363802766,1.2853852790142708,-0.18386929981662062,0.9917503454465558,0.41857288599115444,-0.2110686698851942,-0.349851743778128,-0.5104422067665509,-1.634693518754396,0.7745804977317415,0.7145306910521688,1.1864610373303244,0
120151,1877.92,1.3344456408641356,0.029983634527157816,0.633267502303576,0.22228271745828398,0.2658984798138483,-0.8398808965107355,0.2801213889694491,-0.5811460454500165,0.4525314363594847,-0.5531921834348867,-1.553583543414807,-0.7242465320583404,-0.5481663559692463,-0.2641710099153342,-0.2515808307655791,-1.5715780786791778,-1.708654247142625,-0.6255806376880398,0.18823327270113394,0.17907053145719495,0.35953594351786894,1.423754075307279,-0.2026167676043195,-0.3771178736934479,-1.0404099418717416,0.17911401136846739,0.3036042712837195,-1.8914238918499067,0
133767,469.92,0.9815473767300812,-0.7044701034595299,-1.2272597809208574,0.16047620699884568,0.8375627033583725,-0.5652847763990818,-0.6654854146902154,0.026681057110535956,-1.4004195603307676,0.7036416157931751,-0.2701599923826637,0.5863329755781368,-0.5382361859911543,-0.060917832770783234,0.3144794724834049,-0.7937865240189697,0.7470728438465525,-0.3984361593487791,0.38916981022344826,0.25442645742672076,-2.604346935214705,-0.5355570796987947,-0.2920753016065431,-1.475411401094023,-0.5197747896300302,-0.8716021981573001,-0.49627753308969913,-0.6384124186695391,0
124375,2891.4,0.330700557063932,-0.7283151499478859,1.660136953448242,-0.9372280488338227,-0.8136453560596746,-0.4107086591024168,0.8731694306934659,0.5720927784049213,0.20677477983441644,0.15915894533210567,0.5939267344226444,-0.3961260979892287,-0.1358547163882445,0.2214776976759162,1.8381007079616358,0.14935620146578515,1.3985910046261056,1.2433122248451696,0.0007086276805219297,-0.6217693528332011,-0.525458414206894,-0.7574307747527896,-0.40375536717902655,1.022512793696016,-1.2450344592513576,-0.5877659049711595,1.714164357415557,1.0610866281588633,0
136330,179.72,-0.014718258634936664,0.09874577763733462,0.8978885387603418,1.397414703060372,1.213731437725842,-0.6627137718629301,-0.1246177961901297,-0.08488981850235336,1.4170204129816264,-0.20648098517684707,-1.1044112775115846,-0.45310586798071245,0.286194759048022,-1.368268938725629,-1.167534215312696,-0.20522838255581016,1.5573768174035763,-0.12305159098989943,-0.2905984773431332,-0.8019092044499575,-0.6976164506090564,-1.181286806672826,1.2399368072885906,-1.2637690772205423,1.140858986701614,1.312084416107226,-1.0337358005622264,-0.6993034391025061,0
39504,2328.0,0.7964054296963266,-0.1303451459872082,-0.20656716843132902,-0.07514416681001679,-0.14004285194223806,-2.0296738677395822,-1.1725916088527426,-1.2433239284060988,0.681339503185609,0.5604813988049354,0.923970458584404,0.8947235146471376,-2.498493587871451,-1.253295627303265,0.5205530577324272,-1.1731565590327733,0.5203797258851188,0.5882454459516296,-0.5941156304879845,-2.4549735412739464,-0.9540544541045877,0.03053649499535071,0.0007209069359758764,-1.3705590420670095,-1.179541058580728,0.936102435196951,-0.27464484856183796,0.4146253992672834,0
164231,2713.23,-0.28138510655108645,0.5004775194206322,-0.7108719304112411,-0.5789632551941708,0.8885988803308748,0.7635911006198558,-0.01347182166515796,-0.9614883696555376,0.1543366870644103,-1.4708050816732672,-0.5022751745078862,0.9016233760593639,-2.3764328563378636,-2.7222777409231447,0.6301487764278614,-1.704868601730616,-1.0573978577438974,-0.09230539380077397,-1.3926487577832536,-0.22802802978487915,-0.41517528116371183,1.179259334610126,0.9714218648162062,0.08823575388594865,0.6170630447352031,-1.118060427981828,-1.0799098408608079,-0.75848159912481,0
13986,1432.71,-1.6646931961950078,-1.0532587206449961,-0.669121081112643,0.06368839365161598,0.7344490334876547,1.257059956689093,0.3905228975650011,0.8308523242793667,1.71193719581703,0.1411692986915413,-0.4927552111940789,1.6884421557461313,-0.33869133992187517,0.9425452284534718,-1.8767187306827366,0.07393278703050211,0.6299808403475345,1.5563073884802743,1.2833791650466513,1.4388263794542226,-1.1262382070860628,2.0026827664085918,0.6765165547809898,0.9739051199932285,-1.681880355022538,1.1635258596263263,0.019576762090171933,-0.44555190351192697,0
61858,2954.17,-0.006199139673872496,-0.35068152787878737,0.07420621380015535,0.471961333246609,-1.038801828002556,-1.5184489439647402,0.2552733874135629,1.3924721629425727,-0.18504072266080399,1.118457644847877,-0.8361069958796004,1.623263185486201,-0.19776904470561435,0.015227020617449225,0.4105320144092518,-0.5807681067504609,-0.8692523552159166,0.49007962825149565,2.205529568265414,-0.8902544200486536,0.215220732950218,0.2853993767216869,-1.0986549631220837,2.0548546198131667,0.6572011012960537,-0.08062880844981013,1.5890057587728696,-0.5673638056071063,0
129312,152.51,0.40311932708557713,-0.229216051553592,-0.22940260273035226,0.1392154086449031,0.5029004049141359,1.2438529325863146,1.0458967154958694,1.175283107824049,-0.6195556750216844,0.5493156445582286,-1.8847863590162737,0.9173151613587754,0.18911121660394065,1.0478511314651566,0.8802850789837808,-0.25808070986405085,-0.3429651661566541,0.5476557719191922,1.199336780928251,-1.5224146942667398,0.7665513543377717,0.13999374263643455,-1.7171766698622837,0.5825450545031773,-0.13926870666758576,0.799611626056244,-0.14092592389881278,0.636670153695832,0
12666,186.75,1.122677684798021,0.8138639081236053,0.9505027552826248,1.2061533956705917,0.32627467084668543,-0.10302320139721578,-1.4480563720406896,0.23215594974203504,0.153831916078257,0.6918098218337286,0.229314128434647,-1.7204456102367125,-0.7276723548562242,-1.1377379958113922,0.5886526793824348,-0.1596851874882997,0.3830821570448189,0.5663065387335868,-1.2590656259307462,0.43566456645700186,0.6803837384236716,-0.5434731072535431,-1.236662966685065,1.5798297187236194,1.5125307023025507,-0.1633079550015069,-0.13479985209347917,0.20158011419959287,0
38660,4113.0,-1.4411957604959986,-0.9404137745679023,-0.34297582830262907,0.38397155254686227,0.030311657494342222,1.2251323481678744,-0.8427425900149415,-1.2031326020166928,0.766467368111596,1.5973727899525147,1.712667712838569,1.8276809829496963,0.00946519402268165,0.024407339533162126,-0.08392725487267538,0.4300656871753184,-0.8047593466187392,-0.5551137363277123,0.7870165696408917,0.6200799984463362,-0.1379112517114806,-0.37656662149101117,-0.4267063677307888,-1.2120566517265619,-1.13156260654633,1.185829198742175,-1.695962008377259,0.09885944501101981,0
134633,1800.96,-0.12291130655145516,0.2346520051550863,0.5055018106114911,-0.28394181088253484,-0.09437175003538116,0.03795043629044597,0.6397873317955373,-0.006351556772868734,-1.717794095808261,-0.06614328487366697,-0.06266452353256337,0.9179676706663622,0.12652320501805506,0.21482650611660128,0.3332400365224288,0.8469465017699129,-1.1464003067177844,-0.4632391369225352,1.0237763016208163,-0.5859059606811758,1.9992396963335024,0.6291750910507029,0.1343281002678751,2.1597392606609995,-0.5641148006115946,-1.1596206115397987,-0.28699218579099883,2.5074952378588335,0
26854,635.31,-0.07530365475512335,0.25275550753788667,-0.02892488417486995,0.40119221632689,-0.08589324971779164,0.13554459215862996,-0.7252689779610714,1.5622551319504216,0.2848686434904174,-0.6530916613503364,-1.8506316416948525,-0.7658600900863026,-0.7345580968654715,-0.561782494830015,0.16984469724903012,0.14650920095844308,0.46577331849082326,0.7692456395599749,-0.403437698621358,-0.34876446469964173,1.1399751145005097,-0.31487533206307944,-0.6483003273443845,-1.8614844505554884,-0.3704326014104395,-0.2554504313815159,1.1504870500333517,1.7396974071200668,0
64505,2611.22,-1.1012519048471119,1.6463972426799733,0.26966935739707076,0.49963710112595733,0.8126894256439955,0.3724346469822128,0.2404712493302069,0.6184883804564755,0.8103450155363101,1.189515042665042,0.7803428116164461,0.7289091555627822,1.013455821741101,-1.5534277984667928,-1.6894573383151947,-0.32046254975964383,1.867224204312315,0.12641282943361754,0.48892723963902884,0.26390311721875853,-0.10155820367255168,-0.16228244716741405,0.7030651467411015,-0.5038392538876806,-0.15250007015031203,1.216459777899117,-0.2502361656570745,-1.9812436205537804,0
104488,3849.97,0.48767327492329376,-1.007089364306261,-0.2300564355963827,-1.296375919263842,0.5779105137915099,-0.7900663251352782,-2.4197452474117624,-0.2074775226838726,-0.2696416252968609,1.171120631033927,-1.6247979901029892,-1.0372657409627284,0.17698631145506066,1.745871336135157,0.19332032475446598,0.024763538095802742,1.2432343304794637,-1.177611007811773,-0.45630303252261956,-0.15554946862932667,-0.4822722102015164,-0.025347274750424368,-0.5276851944169594,0.560652519578775,-0.34598083090249077,-2.392608148197263,-0.31779021391231094,-0.44340967321854846,0
22662,1079.11,0.7473680316118015,-0.6572333181174939,0.7077155412496205,1.1494197282637149,0.030478850265664822,1.1946741443280215,2.715946572312882,0.6286252328412164,1.1069647663026416,0.5582916747557968,-1.2090343969891855,0.6186301201097418,0.5469610954632903,1.399283341270051,-0.3670704059816724,-0.3392369672596214,0.7071861850500949,1.8731044246247803,1.5289289948137401,1.0001293357539818,1.3380271627819205,-0.5908281109074761,0.25695743818394445,-1.6052170156959435,-0.3266785659089869,-0.04606140412446539,1.1057145758432931,2.4264636746069916,0
8392,3114.46,-0.2906923080310432,-0.937355682223321,0.7225400802900771,-0.30090401936135913,-1.4919361464713747,-1.1213806380747848,-0.26971853155733616,-1.2693952066156047,0.6411866624110701,-0.16037100058244824,-0.23833817231357088,-1.3162700410740993,0.06884573128385278,-0.38193227172536476,-0.7048221709979829,-1.6425533536331212,0.9791854355897333,0.9780718672970998,0.3653709222153139,2.4372425759242193,1.0075806827627332,-0.07497925907755129,0.11758168066188653,-0.9270500919253337,-0.34306254338566294,-0.39354631987318744,-0.31356411297056463,-0.574590030688042,0
30535,426.75,2.0550926086214725,-1.6697791720684,0.4599290258221443,-0.27532322350543004,0.49444341408361847,-0.4020667445166706,1.193956259988278,-0.6956713778482021,2.141383118511077,0.0013796510079850618,0.12284343854019797,-0.8082184087866364,2.10367310306172,0.5102276451696075,2.484969953586654,1.091946171289575,0.6377194971819162,0.03762632384501897,-0.9171554913710485,-1.7091635551904558,-1.4104272038242296,-2.0194061287908016,1.7344330917873865,-1.0859225292896342,-2.0711798825804664,0.6846612305437452,1.2920536322271228,2.0877459858751446,0
113569,258.42,-0.31936000753365823,1.7646869342627187,0.6075143271495044,0.7513759870759458,0.7236136191777794,0.5242646776431689,-0.33689782558349113,-1.0841913910223249,-0.7506028975812151,-1.2767729521310867,-1.0086640011668284,0.7099291292005268,0.5963970691176537,-0.4847906763568931,1.2526157196195573,0.9034388624878038,0.4499002294093929,-0.27350098179996507,0.6698080980093383,1.2297551305579804,1.0858213192287456,0.5488358830184623,-0.9752409251002728,-0.31022100724973456,0.993334501607768,1.0699134354109718,-1.2846395953877447,-0.42632681486826046,0
52256,2656.78,-0.44668347069066705,-1.2415012309491225,-0.9443687775430526,0.7471652242595813,2.3004100854469702,-0.5091952404854638,0.4146985287308868,0.4695718183484327,0.8307098504960894,1.1129465302072028,-0.2773160565659805,1.0728867429928937,-0.4879933162072253,-0.9954036030247475,-1.1501720603143877,1.9883339935805964,0.8986178395986469,0.19867585753008277,1.0587806734902474,0.10525970102333387,-0.154373534723929,2.3517718389720548,2.208419091154705,1.421582856672674,2.861136567633684,0.7302838193069643,0.6778539748410302,-0.23399757054656292,0
89135,2703.18,-0.4756713479686023,-0.8163054090548456,0.32324576290897944,-0.7008316788660857,1.075433063105038,0.7775312408149441,1.4919196463452724,0.7141034997200926,-1.0173239077974048,1.0776513095291436,0.7151624007606846,0.32543685943381034,0.8209668843684006,1.8272615049570138,0.346636196565839,2.280499306477608,-1.3683630920540222,0.5175200991574272,0.1981316511358755,1.3882009388541612,-0.8609115305933583,-0.5520436151630664,-0.5943498527396046,0.01682506628781065,0.29827110460098805,0.24100025339724565,1.6463292076954565,0.8635713591358122,0
127478,3187.15,-0.8154990732884886,1.3157665082821597,1.2492017674875335,0.8029016181456861,-1.8991763879154675,1.3758661731839563,1.1658060192083854,-0.15382602719836666,-1.615366451276726,-1.3116827504667838,0.8521788848080184,-0.28616863668797066,-1.6376049174566718,-1.6553688814058016,1.4580252755643248,-1.1760201322527604,0.19948529944291313,-2.0330007356700475,0.4794416917432683,0.7243545112656794,-1.9792058592406632,0.3738371450016698,-1.3400568903608094,-0.4630639442340176,-1.1357508478582938,0.04056454809536032,1.0078568974549134,-0.09020717500783575,0
35222,3630.46,-0.5590254932338569,-1.7531070469382153,0.4914045670194975,-0.5604481514895242,0.07842939901864268,1.0125460010538367,-0.20445497968522458,-0.872929676739566,-2.035530842817873,0.8676320839061359,1.2514564218142645,-2.1148662950169905,0.1196002626671043,-0.2855036969711149,-1.4961991540760018,-0.3353999203788284,-0.08094820624384338,2.1123497094857537,-0.06975342922879786,0.061156459935711685,-0.2689161946978014,0.8515763202461846,-0.2169149904265378,-2.8843243671782015,-1.0345386308482871,-0.3427106214798979,-1.8672735516352748,0.49462463957428626,0
77373,4879.26,-1.434088869232524,0.7563515692873813,-1.0307175028015232,1.8195730466986555,1.8113750286649815,-1.9361153136786216,-0.13525432539369245,-0.019749093534627345,0.5383240223969266,0.40410165500900846,1.9094186522934937,-0.20902109965135976,0.3191602900919905,0.08432382724223389,0.07698314140715402,2.5115395968701426,0.07890283114456365,-0.7898843091669199,-1.1342804531462336,0.7600229424410339,-0.01222758521992526,1.2802152727174614,3.2401391486368074,0.4667552048385791,0.6131740018915679,0.2099726215246312,-0.6383032414308838,1.5749486993076387,0
123684,2581.51,-0.19153282391329285,-1.4130243453417775,-0.0497665096490848,-0.8281939812657637,0.6235488569016372,0.12584696961935726,1.0035665601832853,-0.48657989067380747,0.18424791394410256,-1.0219741103907962,0.8098893216611167,0.5334850768245277,0.1310207620786982,1.6512365786872862,0.12407272571949352,-0.040550615582234766,-0.4613722147467896,-0.0019056329887571601,-0.1517337584205077,-0.3941557711847975,1.5873276541102175,-0.26432148874017936,0.8952052350186248,0.7900154089781791,0.3854694758482433,1.4596548295855094,-0.24195152465778313,0.758800933975769,0
10965,1614.79,0.05747400302429677,1.246694736529587,0.3749779383397089,0.23947746170589657,0.32865216037320905,1.028682610696392,2.333244404285301,-0.7961707046937446,-0.4790510573617538,-1.2060002010724695,-0.2167365144042404,-0.31676510593564716,-0.3337788708388873,0.8965886542360184,-1.2744928824990227,0.24421090254675193,0.5204878447742322,0.03486688277914605,0.5230396329635579,-0.7743014221048548,0.9572338077486858,-1.8033172536887192,0.6029641034412616,-1.7000197678102116,-0.28429011055333836,-0.8305122982775414,1.0099554967070807,0.1415321321496996,0
24538,3975.93,-2.282802490040798,-2.1698776870408585,-0.7573995168983091,-0.7820176369076074,0.9002286589152358,-1.316748846822057,0.19228267439904112,0.3389936853092464,-1.773504333949613,0.3734932694017224,0.8593137911229725,-0.022577941094418186,-1.0122733568370152,-1.6722497745673186,0.37955030461222966,-1.5211299516945793,-0.817928009687607,1.9968502186888513,-0.12802686798323787,0.8108631155983491,-0.5828867213760348,0.26723195084876283,0.7951868616415204,-0.06697235972252169,0.7534043708791854,-0.40208147512407366,-1.3316181162114358,1.6735268417175928,0
108066,1354.17,-0.10194951247985627,-1.7534694162506628,-1.3582711967233527,2.222695629135075,-0.622378194990803,0.723610587228875,1.9570636405416413,-0.7579922225186737,-0.6903866261386762,-0.3977041139069179,0.4667162340051821,-0.18561746791792078,-0.7893470120509625,-0.0027502410341822625,1.1162463905181252,0.1502886315767741,-0.5338549293920343,-0.08812384100669465,0.800765426739591,-0.8443284487895042,0.38934239421973693,0.128628690654427,-0.7695934645023071,0.19300819033204694,-2.0638850467544914,-0.07550997256680743,-1.018936670392648,0.8766874758750992,0
113252,2194.86,0.042134081741929175,-0.5449222349589087,-0.316097868436527,-1.237820944087116,0.4780899966274559,0.6674607816393121,-0.24141441042020614,-1.5663497329640925,0.004093007675456265,1.8199488505496704,0.5063669775262545,-0.3217062178214337,0.10207491624738367,0.021060198364359507,1.5080475914191533,1.931940374759089,-0.6538799136521003,1.5885072943536291,-0.3921815611975842,0.6423725916415679,0.8262494226728235,-0.34566637467600275,0.3260443763658592,0.9646017573036937,0.7540621272311238,1.0009326791956685,-1.6051514301799923,-0.733543163097348,1
139182,392.29,0.5145889906905393,0.9718226901727355,-0.7408324079677024,0.5243627472529105,-0.2504680389919105,-1.2120898919382652,0.9519603635098018,-1.3441144703631869,0.7931693667930979,0.9525983946489063,0.17721878507168543,0.07587738995981268,-1.1135192324279926,-0.2283383352994422,-0.24936410162594572,1.2866258101035284,0.8639466372698691,0.40672746946111393,-0.32659082745082735,0.030747583087498632,0.08595738801721546,-0.13351212288434067,0.0025023003171226327,-0.724768458245474,0.23776116459489285,0.2233023395522055,-0.825800250087814,1.980075233444019,0
158338,126.76,1.2046350725758252,-0.03095825063657335,-0.014289031389968827,-0.7349104144777995,-0.01962348581047458,0.834232665740161,1.1011557622472865,-1.6032604668159496,-0.01653575024762565,0.47369313673222746,-0.9120541021539065,-0.27269458215246056,1.7701676156472728,0.6198091075303009,2.501645035135113,-0.6099846215185434,-0.011723503209193423,-0.9618848622059493,0.8311199979939045,-2.329441651122576,-0.5871541590312039,0.14368044501773122,1.8090667486444099,-0.8753603610847972,-0.9959479907832324,0.9834818955451907,-1.251606656972313,0.6423655920501782,0
98806,4813.24,0.8513542646005099,-0.3357150728865708,-1.5914046474962884,-0.3541076414479869,0.8284545156951065,0.2726977935299349,-0.40996050385277344,0.2475119165762044,0.25206034270527783,0.5230790040023944,-1.0280964078219301,1.4432895536319423,-2.640897679343706,-1.4091069277559771,-2.057966753396755,-0.39631636656841623,-0.460832339796763,0.13470746810280448,0.22185251680304485,-0.5743824504629396,-0.5321724562434457,0.36176199210385035,-0.10868771658665245,-0.45649729846836173,-1.4333239283806845,1.0341099905036009,1.5979058601964082,-0.21367676886986164,0
137982,4179.9,-0.6203637225355519,1.3460442074647172,0.5647010625361558,0.45353783374517587,-0.9267131024921815,0.6503817887212686,-0.7470780793016416,0.15040543817616392,-0.3761323809741358,1.3308671803671674,-0.09711820107514263,-2.206418848383733,-0.3234378675446039,-0.40863591253667014,0.3562167098144623,-1.1309002924942633,-0.3734296950161807,-0.11850872171491235,-0.4117215811555918,0.3348381950246217,0.38547307045695217,0.3198097102399178,-0.37827654457740845,1.2844370527773838,0.12132728274562739,0.5920368258199804,-0.6473772706479662,-2.0208175845859473,0
110989,3479.87,-0.7364121722576463,2.155239538433073,-0.6346050352933568,1.224584437626143,1.2879824738019383,-0.9663123857651326,1.1453891885473528,0.10052009450816196,1.7492242025271545,0.8465180917273377,0.14891007584637195,-0.5458425859710776,0.11038963910769706,0.4788187482130753,-1.4122943199298554,-0.8511631402497059,0.0038806166804070605,-1.084070484904229,1.0338053760086243,-0.40600066390849227,0.41298056552504697,-0.21768565950112867,-1.1647993973691224,1.04384544217267,1.4072381367677635,-1.0639936165655535,0.6909252921300084,-1.3775763800646668,0
90982,2044.77,0.579504401549854,0.6722572844137722,0.9957522366813559,1.6233965622990456,-0.4228119610855433,0.15013611637138463,-0.5315569372430567,0.5877316524799424,-1.0182496443282278,0.4997664384960225,-0.679440922931713,-0.8702562235172253,0.5074209278332887,0.6795756851606412,0.09018263749689953,-1.9102119287864698,1.6221749188698538,0.35772276947224163,-0.6887357179505279,-2.5467321117621853,-0.2929546157635447,0.38427883498595106,0.14001448687561519,-0.021345302172413684,-0.2280932319970342,1.6610939118967147,0.017969507218870237,1.7001349103999372,1
121626,866.48,-0.5472798363375213,-0.6228545031012834,-0.27689883979637814,-1.5369479600263205,0.2606628331504074,-1.7048785541323237,-0.8943499126754028,1.1919588561171166,-0.6992382172851277,-0.98026117629751,0.4233419486085754,0.21911060003441002,-0.9159247272624271,0.1494194735091969,-0.5219067501050294,-0.08481967465974273,-1.236520336346672,0.022102749849855868,-0.7269489590173489,1.3207501278261604,-2.6191522050533393,-0.2850308482748619,0.292951833518835,1.0197765271882882,-0.8526850162328397,1.4123806710927012,0.0039612809245876,1.7396652519704507,0
119176,782.19,-1.2280540191236242,-0.4181430340092719,-0.025389046384487156,0.2677512243644622,-1.400507960274943,-2.276991207533051,-0.6839595017990969,-0.5922665308251153,-0.49235807399351306,3.061946965406219,2.0807659040391893,0.07714478588312636,1.1342947938882124,-0.28839220030029905,0.5068774563905613,1.5101106799304107,0.6755099976797855,0.5564217054585403,-2.8294488110640743,0.1693750512716112,-1.2905227272912905,0.6420255015353197,-1.2015881881405177,-2.3686912068521586,0.19128826013625272,0.0635400505023367,-0.5914438195394393,0.08528406873324018,0
131278,1251.22,2.3741417434005965,-1.2884473797573248,-0.17303487869691783,1.4594936033835215,0.7198372908713905,0.14082842652774988,-0.5356133384254117,0.4064774772384181,0.542704397976724,-1.1031827573082331,-1.7443307192782576,1.6221931015494289,-1.3938310438129229,-0.11994127362647256,-0.1268807141021942,0.35543192409374935,0.47186233803100786,0.19335277959831482,-0.5539685485774473,0.4437392912698055,0.6196889216121123,-0.6274428354765009,0.4531636040605758,0.7916542060935255,1.820871810123474,-1.3817702424835547,0.7700224871307078,-1.7702441759754863,0
122409,2746.14,-0.31072426461719377,0.10081742225405217,-0.6881596901002726,-1.6853109387619405,1.4465039359465777,1.1005976067613101,0.8566171046256775,-1.5796155074058769,-1.0388597897868805,-0.3125427371001645,0.5822444775637607,1.9511420482977946,-0.566128588607568,0.7404071223772372,-0.8259841780265164,1.3662389899657323,-0.8829653984467758,-0.6511028970140703,1.3087166789222824,-0.4732761521782438,-2.1308379973558758,0.07305819214956248,0.2331795237948585,-1.1187661628138466,0.43129981306371623,-1.5604981578743569,0.15434423264234098,-1.0869752536506059,0
23419,3572.98,-0.6265241826885438,-1.6295929859763272,2.47227946227266,0.3143834940548472,-0.5146415492181471,0.2529368142650801,0.5150426732761878,1.3787097462633506,0.13571859054799862,-1.6547282764099975,-0.0659746208908102,-0.7730834555704812,0.6207475552794239,0.03390078412545998,-0.7602909475639799,1.0732494009259983,1.4668732901546866,0.7683339922903146,-2.072292686172439,0.5314896881466579,1.1841810163672148,-1.6237385821172297,1.013445759883764,1.7670244943958617,0.539401988209408,0.25431562655371026,0.09674391293904691,-1.6237683520495778,0
50015,3300.99,-2.1921300562419788,0.5518636553095008,-0.4958661780072847,-0.002083797420183821,-1.1102233865095998,-0.06344606394414584,0.715658244757891,-1.244831238218157,0.16491014342655733,0.5387981587692622,0.4506555553346548,0.0005000650336295328,1.0401885647927522,-1.0418475454405287,1.9324594974495528,-0.5468080895726282,0.5392804508806763,-0.624398280253579,-0.9519201402292174,1.8348201445867027,1.036157261138504,-0.36991046945714723,1.2123681179019035,-1.0642447119332241,1.222798635970556,-0.701750442130786,-0.5934206101779232,-1.6601112599137606,0
122096,1399.68,0.8514020923788287,2.0055740456399533,1.0235215224656602,0.4145418143797882,0.2779830647427085,-0.18753412005487335,0.4213798110980826,-0.7100811190404376,-0.69435797073338,0.15111043728480744,-0.4307147004602912,0.19630441692435538,-1.4040012963810977,-1.2334975839449034,0.443523738462415,-0.7595066614064485,-0.5077333032297566,-3.099670522783271,0.4390685558901699,-0.7350729836273578,0.04109638193320572,0.5674887211299786,0.09427929361427935,-0.8527621652336447,0.47255739938382246,-1.7171891333603786,-0.4297759261530207,2.026802368936906,0
107059,4774.33,-0.9879358457965414,0.7175915797930499,-1.093628946063395,-0.7723040253264754,1.4548106449917426,-0.9425653914430656,-0.5938401622466388,-0.5977095137330924,0.3299794609568569,0.76527643836476,-0.146059885047167,-0.797813748337336,2.6450367904151584,-1.4896374214361092,-1.702128706538388,-0.7211845568514555,-1.85941332594626,0.12865294795421686,-2.2448667738927277,1.667012705357071,0.5979310342286077,-1.0337348667080686,-1.0363648841320956,0.5624237301311782,-0.7809697071601542,-1.5793656993630016,0.5889111175754248,2.059917908414474,0
110687,3689.49,0.028620559567826175,-0.4691477201949346,0.37213139109316096,-1.4356188282134401,-1.449856565480906,-0.2218609037953063,0.6971028559082724,-1.5262709967222121,-1.0078138987374312,-1.739065631104434,0.1295004510080991,0.6283820360376229,-0.8974915631672096,1.4555808184893537,0.5507877351167638,-1.7170619484420488,0.22914683449911255,-0.5540737272339897,-0.5106986135097646,0.3985640658920072,0.5287746783588859,-0.32010047635008365,-0.8306215805446449,0.6589541347810364,-1.7445649518980362,-0.4699825733300084,0.23005561154550086,-1.1208471535655697,0
87939,2771.77,0.9686231563044211,0.5269374126317904,0.47887216393183574,-1.913106425179025,-1.106308181228342,0.4216844682644445,1.182453826605304,0.03257557740856184,-1.117074142461746,1.1129056673809317,-0.3016338835352606,-0.2395073687649446,-1.3121824775277826,0.8074618356124449,-0.1946766623579972,0.03233023279557462,-0.04474558475598321,0.38213050439663476,1.1408632156107463,-0.8694327480368637,-0.11687312836621294,-2.4050695499102095,1.762127663079091,-0.4463320787671849,-0.9216531197782624,0.1949295738109782,0.12347231450854004,-0.008734975897599313,0
149213,3058.61,-0.9722685477240716,1.620533445165877,-0.02417697709812966,0.9763839534621028,-0.4541895583115157,-0.43522223280062844,0.5845032161193091,0.2139038682014817,0.09960575652144064,-0.8074354014696146,-1.5205413173698987,-1.0676348506009778,0.502714891773257,-0.10648788318054717,0.004601087097138987,-2.904464396577087,-1.0307129312661192,1.9988717359397143,2.043025801848989,2.2123906375910085,-1.37388911758857,-1.3680741085319892,0.16548939312256028,0.37140403442303066,-1.1047263050976748,1.4057130510158269,-0.7540424916675474,-1.2847961599318027,0
105878,2098.01,0.07948245181753853,1.5704946352611389,-0.5710047196395732,1.1040491364833538,-0.8203438245306957,0.7505868538357765,0.44965590662585037,-0.18941367098154974,-1.6597555854780628,-0.14900519936386536,-0.23391503064445315,-0.2795683042665431,-0.34829345358145714,-0.45379248516408377,0.819888153981797,0.591415509286386,-1.0436144101356368,2.027739693148058,0.2902465656670324,0.39164023988893254,0.9672729750616863,-1.1064745561139018,1.7461537795510573,0.4953798153284869,0.6593081195113274,0.48422077434684196,1.9441077035254948,-0.015238046500086614,0
164899,1238.66,1.5237874101938085,-1.0037578915633707,-0.26332190261396393,0.30268534899598587,-0.8171854666089954,0.19597503386460266,-0.7670545065706765,-1.5402476320310767,-2.144802702550238,0.9315712686810645,-1.416433628196194,-0.9976745727406487,-0.49605231253974436,-0.5739300079673577,1.183227173712846,0.07188093571887483,0.8685098671195047,-0.16512292222183975,-0.9264670182411171,0.6764786687730411,1.407230011383635,0.10175105077163865,0.4986048184872299,0.39311465605803403,0.7983480513491078,-0.3814045304714144,-0.47970673955782334,1.6393038833690963,0
62623,1779.87,-2.4567470568634793,0.5102963895823233,-0.40328950197312036,-0.5341483496880968,-2.094120627663777,0.3169794177734066,0.21181707897447793,1.9833862348517115,0.5328333007968004,0.2612666841318994,0.6531931105803095,1.0366468294192557,0.5956440575697195,1.0932371075822098,-0.858812727920689,0.47143986649484004,-1.955694907320995,-0.8265151712460557,-0.9601287386482825,-0.26935210472675786,-1.208590524242342,0.33340901239271253,0.7537356371784484,-0.4045549175583959,0.17557206171548811,0.37994955767279925,-0.030252661725420512,1.0787190508030151,0
75450,3789.23,-0.8105058469792188,-0.1581014900701986,2.402026281835456,-1.6230458934657455,0.5890569474058676,0.8886627535509601,-0.8202413294487015,0.549230796501648,1.0489699425911703,0.3319425566668639,-1.8655451010781223,1.9015592551136702,-1.5272956904278092,1.9044335081747408,-0.02974165415538386,1.0570162829481353,0.3142827550730362,0.584683281917922,0.14490796933090405,-0.7963266453295174,-1.4112550051696995,-0.05605556594019711,0.9387236162381593,0.5052110240856904,-1.268691976843173,0.2905675855886578,-0.18703362887472083,0.8086627654972872,0
93426,71.98,-0.9045418837870712,0.8065932479136867,-0.022603089444819514,0.5633454625050239,0.33872050286963534,-0.5267554326549905,-0.02402785808060396,2.6342220436499586,-0.4668031186925292,0.7991788199053993,1.0286543794558898,0.2448193738945395,-1.7021343999747023,-0.6053929239275391,-0.5461110027385696,0.19879458833885358,-0.1874369753108615,-0.37022559186635445,0.2809633211650989,0.16781324467578934,-0.13679690475734085,-0.38259338288737815,-1.2231388144094233,1.4063704050164938,1.786597023926696,0.7395452071959393,1.954711197261288,-0.19417973726286455,0
117845,580.37,-0.18690512256040892,0.38361395381677077,0.5248887786639505,-1.100779282836685,-1.6988491998036455,0.6593805861869515,-1.640266639225316,-0.8051092398862925,-0.6680706520977705,0.4287906399387243,0.42956300020347943,0.11127676805327562,-0.5974233651432281,1.1384155206557094,0.5968621810742627,1.6315717376547558,0.4971548283534393,0.39177652234694255,1.857928760058249,1.5814637234833284,-0.6262245956364498,-0.37910174834874727,0.30695075011252615,-1.2254884792188265,-0.4162102138395885,-0.0399421135838643,-0.29081461270758724,1.2619671159963644,0
153371,230.02,-0.04779087737353801,-2.3697214094844474,1.7816250904253672,-0.7112986247605377,1.4571957599562464,-0.38647671725197413,-1.6325584029920932,0.9578822281769765,1.0055352259745598,-0.3411079025487173,0.4333886157338947,0.1524347668741858,1.0779017394533252,0.028012915358889258,-0.2323044937361695,0.62194581095221,-0.29430500986020125,-0.6608607622268543,0.970804852537203,-0.30965981218568894,0.14494924020545913,0.7160457490404942,-1.2369989013620626,-0.8400600355418061,0.6034810103015367,1.0361977510121103,-0.38234194097565327,0.646668746583331,0
43585,203.65,-1.0612626329465904,-0.34801308629683886,-0.8763186679741813,-0.5865640795627187,1.6810923149304875,0.33951448381884,-0.1910476899470299,0.7792738873941635,-1.14553821799892,-0.1664691282352289,-2.1643098678478396,1.182234028938315,-0.5540552934127837,-0.21242892991046652,0.02925147970187543,-0.7571268468160501,0.29327496526031455,0.2506924160227523,0.08410648788849061,-0.02675124557413819,1.2079940398603866,0.2128198468830529,-0.28491234787746483,0.02725563236057936,0.049324836699559206,0.824451800227485,0.11831114811666943,0.40391558131571953,0
109225,4277.3,-0.6543733461130157,0.1985583628962918,0.037660233167937734,-0.19753522569696805,-0.7509055497801141,-0.6457713506365684,-0.5484396718269897,-0.29057510309736223,-1.3633726247211584,0.21187867865182275,-0.3285994380915563,1.1606990035971831,1.5991566845286143,1.5042142828299232,-0.2702767610101646,-0.2377110421458789,-0.7427748445287092,-0.8119741522934762,-0.3352072532594187,1.456328471979585,-2.2456704382724957,-0.33394559630536247,0.6401696361230503,-1.056224040668033,0.20866348324991468,0.08270000363857032,-0.6935408894621853,-0.11540933819978547,0
64044,3518.29,-0.773224970452823,-1.4343649671588456,-0.26918613168138894,-0.7590404472086483,1.166548590977006,-0.9107038230647322,0.10678719347417348,1.411050901059224,0.7076364237084876,-0.8955560935463348,1.1535634286598602,-0.11565356854823089,1.2010147611718904,-0.01016572074277691,-0.10611951556933184,-2.2612910267501367,-0.049204916173368494,1.1842534160314664,3.01471170930221,-0.3003268458042407,1.5812719516191547,1.2932994952412589,-1.0253338905324527,-1.8034037342272606,0.5681840033403978,-0.11922435626590437,0.11159971690151374,0.3183729395146662,0
109556,2370.87,-0.3507892451728689,0.5810220098659856,-0.08613844548336394,0.033458770992302565,-0.572997804990946,0.09186474564849363,-0.13476857911511902,-0.4054100076137785,0.0090381865123073,0.9960086593886697,-0.5186079790302947,0.25258992737909125,0.2829461845074849,0.2963644392546358,1.7046510059281352,-0.902190440472166,0.4890838781507426,-0.5899776907526124,0.6265947999958954,0.5102763111691208,-0.40666844187691986,1.9499750409961005,0.5593373245276719,1.0931229758819565,-0.6960201616009518,0.9197484789904266,2.3716035801677697,0.2882515778693265,0
2693,489.18,0.21822273253109625,-1.5240152417270303,-0.17901196711748543,-0.6218183005063913,0.1811165102110608,-1.8852000520211172,0.030190787210155032,-0.3608914194246071,1.0648767392902379,0.2886539308074841,-1.0780621499637142,0.6526464071770783,0.33972385937475696,0.2482739329114458,2.390766164767724,-0.3809964059333908,0.15087187127547017,0.6611025357349691,-0.668751713577545,0.8773505067396974,0.5117789786504942,-1.2457424502336703,-1.4983689854658357,-2.2287882660262497,1.3054024262651662,-0.7134743181070387,0.29969555555109145,-0.5414316450742607,0
95259,2458.08,0.9105641223710805,-0.7984390474170536,-0.7318770856302171,0.7013730648392228,-0.8357621350209089,-0.29626744350888173,0.6086074423567405,-3.471429891938383,-2.140265878777979,0.07477626792196859,-0.6366700950057121,-1.137687456550734,0.2820026250168557,-1.6255993666594517,0.3770920937424761,0.5462736095576659,0.3803068424015443,-1.264767283185519,-0.2246229235914776,-0.19678094887698314,0.6187258381044658,0.5225100702105114,1.1433198239615687,-0.4023826975243354,-1.5795054170872729,-1.5066128291433938,0.2632459217265814,-0.7749165337272664,0
25939,2367.36,1.0553309965464146,1.3413119197001346,0.19541028499663293,1.0310629139880534,2.2142515234622757,-1.6063770056091804,-0.4632689556608324,0.40902805374263734,-1.400673991118563,1.192496559031471,-0.06827762263933808,1.2126082374204565,0.15971772868210007,0.2884111487160616,-0.09996977981690322,-0.750361028541811,-0.9279212994516468,0.781173856610691,-0.8774547400031002,0.30983759319992266,0.7353411541977961,3.089889607686385,-0.6644371821053475,0.7589443197586707,-1.0385563060358844,-1.5122979916839956,-0.717904892909212,-0.9969069603303903,0
152906,866.02,0.6536342613353238,-0.8837777888642685,-1.0626327774161015,0.10854267602843841,-0.2960172273298979,0.7792340343136079,-0.219443811644863,-1.3255099116824065,0.0143320598441565,-0.12011364321136973,-0.8513704503128111,1.7348318912272276,-0.36624169747817953,-0.5626920244402328,-1.595636760889683,-1.2462640139344305,-0.590674561884852,-0.9663840692682004,-2.4045495258503897,0.6611027776811732,0.061908104029996795,0.28020554105019435,-1.0271174242187837,0.26669978950207235,1.2924293743370827,-0.7963744750895091,1.7092071543529632,-0.9328631117935932,0
18047,2169.26,-0.8739741194850966,0.5739669592016755,0.9888827373090182,0.4626263353811024,0.12644902282346232,1.0501105961089143,1.4550212227631638,-0.5507211956955113,0.41767369848378655,-0.182420997152417,1.2338172320892937,1.1650321048394572,-0.25018783320716287,-1.4211531401456212,-0.7604181998113736,-1.887531903008126,-0.5733398392159452,0.26117680697450923,0.3126509912073227,-0.4009151935441269,0.29556060178674576,0.11544263616427654,-1.4353559159910807,-0.3872493659789524,0.5900047611044712,0.6596522987772498,1.9390327007979793,-0.18810287554505153,0
26105,1992.53,-0.0032959203273537846,-1.753573717908687,0.6233098066546038,2.11785594962589,-0.687937387463827,-0.8639512214208059,0.003084126825026962,-1.0262196387450275,0.8469970876894585,-0.4846287640039644,-0.06466752999039241,-1.245593911614555,-1.069960156592582,-0.5171370804487624,-0.12673603578590625,-0.5964175185933182,-0.2764897555867528,1.0232009733479865,1.7824542165573145,0.8157651649899931,0.2890220506054031,-0.055733939893613596,-0.5793538328376587,-1.0974395765349592,2.5403910976814337,-0.4227988546098636,0.852680375827011,-0.35268489899558153,0
75766,3079.25,2.3743294034923883,2.0813146567651417,-0.49346281636401584,-1.172603256861316,1.8613155972363946,0.4283129624734963,-0.17921047462538878,-0.36623153931826163,0.17481776880877767,0.3430670089259352,-0.5555693479479282,-1.9700004554188741,-2.21004278929018,-0.5253888696369459,-0.7150632206374263,1.9508518023679295,1.3585828696178281,-0.19998289855677934,-1.630557202247304,-0.5469860834554389,-0.6302828007794473,0.4901815174907414,-1.9076118069567995,0.3438678131479371,0.06835044365313034,0.20451600281122595,0.6538332230623791,-0.6207337466025565,0
146779,3175.47,1.0145326926872977,-0.30455363848725747,-0.4449833213738596,-1.2334681012801056,1.8866146460894102,0.8991357136874919,0.08251269932318937,0.44388023021743567,0.16465515535856898,0.30845010833151476,-1.3013435268355793,0.7087186735179315,1.1040706092820498,1.029882539130331,-0.6099007628719224,0.2711070348970328,-0.35417875553570094,-1.0291669107459331,0.055262595879017724,-0.675087578960491,-1.7580551914371976,0.7548991665498829,-0.5483991391083297,-0.9883944384668729,1.7004292964590928,-0.49529607088106914,-0.23476535143881708,-0.6947814747351655,0
153048,226.53,-0.440504558873525,0.09532080694771912,0.2755105623482531,0.6949979007768748,1.6309291812629403,0.9024692225017834,-0.1613643730095305,0.011141563048757437,-0.3894015430301985,-0.6662842005099068,0.48444660527893796,-0.7601894489620864,0.15725843678529833,-1.0637896161020317,1.5753894740561654,0.939579412355179,-1.1435594597655003,0.49681250713592134,-0.7069047791375971,-1.527041060820457,-1.2191858277651948,-1.2447668741691826,1.0994870253330813,0.26593258631826233,-1.8574787826634034,-0.487357365983966,0.3913375808446224,0.29188002611631647,0
44262,1873.07,1.58203818296378,0.17903679654896512,-0.7985453156061825,1.9465428375147655,0.9564403483476219,0.2144508339716411,-0.7095722929532247,0.709641290505807,1.5909049049045176,-0.17769397711340018,0.4616662947113632,0.2871333541229858,0.006211355621786128,-0.7898474390492546,0.02879081373848167,-0.9000542326642493,0.5416456878505924,-0.840981398986548,0.5215025255698525,-0.5034623439010585,-0.10423797949803458,-0.026483628288828647,-0.18871159973983392,0.14091764823475636,-1.4135149731971948,-1.0254636745111536,-0.8351576048625073,1.3776074471743054,0
125117,3129.3,-0.38806918979741406,0.6075668643313585,1.8119801241348714,-0.2604985619387227,-0.6247895469340525,0.7343046755614968,-0.9980298371797204,1.2656295355856315,-1.1030234554704978,-0.659602268519233,-0.7922089061846919,1.5351487200075487,0.3984491228578794,0.23538826054801248,0.11821199140193689,-1.5734497601022186,1.3466434314344815,-0.40424559919722874,-0.17233015672456595,-0.8155027018702209,-0.786806656896385,-2.2694978644974095,-1.1775186159066409,0.15103290905513567,0.8955255374169739,-0.09189562541568821,-1.12611397577874,-0.010915681073449155,0
23776,2515.69,-0.6684019683032681,-1.519179982986177,0.35792572869176864,1.7268338422187606,0.827850095962418,-0.6493313119203942,-0.7634313401500049,-0.36879593667783545,0.3590201525559389,-0.7048684538154905,-2.2363290283141453,-0.65695517639841,-0.828397454793649,-1.3257937713542476,-0.6741905603382268,-1.2210774640880675,-1.2612118518523092,0.2654626594957273,-1.360054654417601,-0.4008739562549743,-0.784496072389535,-0.20931661662150006,0.2262633165688082,-0.6403187591794156,-1.7403678256144852,-0.17516373577895686,-1.487359916725743,-0.07633080004076884,0
161152,4282.45,1.395731935928564,-0.005336470836663279,0.3932631513836775,0.09643371879348994,-0.007042798924735517,0.08312246565668001,0.8729191867707867,-0.4785672420161137,-0.9878088345880198,-1.729897831726847,0.41076218957588423,-0.3775546564089599,-1.001062213384433,-0.6590067582323337,1.177544724769586,-0.09713110915763724,1.97281075471809,1.3606760361077053,-0.9811037139497356,0.6119926319144883,1.7992510456861954,-0.9026885938220728,0.1378957758749067,2.0350091093347893,-0.19736760700948927,0.4126650231818217,0.4106739732747986,-0.9348866927133695,0
128376,3293.47,-1.3096492900118983,-0.6587688257813566,0.6814450803572858,-0.6808872820390818,1.312408621742632,-0.46710340679077605,-0.6299052547184123,0.9577276536620096,0.5347785458050096,-0.23091025368155538,-0.1868033912610023,0.2767229725883162,-0.28368469367815263,-1.6644767353332222,-0.21257862798856803,-1.9941288434792566,0.4151766023230718,0.02655335379946882,-0.8303005319842076,-1.7256742533751028,0.8588947966598731,0.33917757913548424,1.9566099625857163,0.35820663387037477,1.1672090836471585,0.2876976070117176,-1.378374472320688,-0.2230698117907077,1
137848,814.68,-1.9137775802683563,-1.68955722607827,-0.5794632740700703,-0.9906923886377034,1.1159020533653614,-0.7337879737853639,-0.15492460183627646,1.0370472887399296,-1.0370175693877663,-1.7022132660800113,0.33607116792566905,-1.2975096399822306,1.3680984817638127,0.9200114600053961,-0.5208636651508562,-1.0065904164097708,1.0338907890683908,0.022857509845123507,1.3443182079872078,-1.974670894587108,-0.2520759659099735,-1.6563805271410257,0.790721018540406,-0.27870892421964716,0.5011712644886682,-0.19714738095841283,-0.499635403112483,1.1903363406093688,0
92787,352.85,0.941284578060475,0.9871222001287102,1.0890099817847738,0.6294135848867876,-0.6492655780759244,0.03606339146962743,0.7007362851328974,0.740590868103047,0.7438156985004581,-0.4628156863395111,1.9571745336396382,-0.7578561960058762,-1.1687410284931263,-0.30136312044018576,-1.5807508173094416,-0.5863606859712936,1.467071635043315,0.7375128936228513,1.293259276930151,-0.7490792166512826,0.672034945655442,-0.5123173104590948,0.30559812717284496,0.26427057306180435,0.011095220319579394,-1.5060888450601755,-0.061229375201977056,1.0374611035089725,0
127948,3212.1,0.02769093161621279,-0.3521729835995906,0.11453336621546396,-0.9149590677826966,0.9478258028372162,0.34753037615807447,-0.2783911708109784,-0.9521788067393494,0.11210494682451708,-0.6126946458776085,-0.02683184370905971,0.024857503751269192,-2.627065356808166,-0.015917845002242307,-0.06110191375136612,-1.320925306063301,0.9726176427077422,0.0503718966729968,-0.31134788711269756,0.461230493586657,-0.42026860559090073,0.9665442505206122,0.9050665483595475,-0.7744616439243102,-0.4491074688293152,1.0705794675782778,0.9952903995220314,0.9679737442743352,0
55016,132.57,0.1273654785371559,0.24252042561251944,0.9501454709988318,0.0812768427670279,0.6820344500439264,1.163508767954987,0.6333613148436524,0.42265506550160375,1.7446391732586815,1.0518950572656043,-0.5138386168427719,-0.30045486881775135,-0.5214010918187526,0.9160103197910902,-0.5520580017774016,-2.1236830173248293,-0.11053559700768201,0.635530199832898,1.2278034334513466,0.2888649470196864,0.11072343418649651,-0.6763331514442502,-0.13438106818006249,-0.3863044984779063,0.20222587459196467,-0.08504433903802336,-0.5782201666209199,0.9358688292198426,0
140546,2928.88,-0.3614228394269773,0.1798454187280591,-0.19795312656833047,1.5834650253840938,-2.7735628629134483,0.2651555272988874,-1.540793042430867,0.10947060404728903,-0.2810196472715856,-1.0149348063096417,-1.1473219676483402,0.6084077537992262,1.142699916235183,-0.7222688836538869,1.6845797460168992,0.2896536982097579,1.2176981441914152,1.078533546062947,-0.17318383939617413,-0.7650623329109258,0.44162864841891597,-1.904935777417886,-0.07541318090619945,2.3919199321195173,0.5772483723755298,0.07964268989389676,1.1132723127393926,0.4367325555648351,0
21959,4701.15,-0.23849336738405827,-0.3348522723761133,1.3172782267311858,-0.3067803928713705,0.8009366396294623,0.6419305349615512,-0.13251667954189647,1.0525289413496632,0.42496611624754527,-0.7611863848144755,-0.31242179149504906,2.765979614439267,-1.7325440243543537,-0.3119870086480041,1.8438986920019504,0.04587144488456494,0.25459976987091937,-0.3277371502679994,-0.3266627584501871,1.1694082321564618,-0.41760596777187864,0.2575331531289845,1.6589403034315653,-0.7673808064423085,-0.6608943369861829,1.6004950658110577,0.9391589131441817,0.40120716348299545,0
136602,2877.38,-0.4581099028313764,1.9750273536307812,0.4013436270247898,1.3140094746438993,-0.4317957886402062,0.6532831732495379,0.0788960965985086,-0.5728720895377487,-0.7796562804607097,-0.3815241391915724,0.16057734961564119,0.09913833941812458,-1.1802836038228717,-1.0563279993057415,-1.2352804947662746,0.7790298676301294,1.0904847249076397,-3.2750106339134555,0.057117840551174894,-0.6584099351183408,-0.6852505475370957,-0.5865289930926361,-1.635579026816248,-0.07777270026441621,0.3717360280120473,0.9082221265959503,-1.0713083276709745,0.24475032668477378,0
119101,1940.86,-0.6259929302544003,-0.04726465262900927,2.182507024177087,-1.2145434897264067,-0.8860424543316735,2.68753436569696,0.02313872309816787,-1.666610291149916,-0.2878930064412945,-0.580143651502776,0.053307420598760376,-0.8417119460380091,0.2635467405781687,-1.0585037209958124,-1.1221532378809973,-1.1104257492524425,1.199875483780683,-0.8179270935854663,0.2848252786236364,0.46245398612712674,1.223931818468504,-0.18588543607289654,0.9679455131409394,-0.456104849749766,1.0784307441987107,0.4464491988167305,1.1228254938852753,-0.4168852800525142,0
3748,3216.44,-0.3819102223687616,-1.5579523176766679,-0.36952161682223,-0.5339091013167999,-0.8432606042937426,-1.8100324032725792,-1.652918697838884,0.6902368003802725,0.10574947944435283,1.369254797421876,1.723465340067103,1.4182403547575644,2.569907035475335,-0.9205828940058789,-0.2763196351264478,0.7599227430474714,-1.0908965899727685,1.208682010835303,-0.5554447928650015,-0.36278632753417206,0.6141129671981066,-0.7298695864625924,-0.11079147568777581,-1.0396339428247796,-0.2224781332998583,-0.002305787370825462,-0.28358112214153597,0.08369939861550929,0
13545,2291.27,-0.4134512388176997,-0.40038136018331794,0.2045493960907455,-1.4071440262149164,-0.13524289563203143,-0.6879338668371778,1.2031126464308044,-2.5583683832571023,-1.527219922471374,-1.1385673730496195,0.4990855654659427,-1.5888184753202212,-1.3582116685261956,-0.4924903908336654,-0.8160378953942717,1.5293041944868857,0.7943011319770064,-0.033764781397654105,0.02186574218222265,-0.8687763509936559,-2.2546108782927172,1.974396744480029,-0.291489421253352,0.42108499021980617,0.06812285014065171,-0.011645548834153046,-0.4989511237259181,0.21559968370586682,0
127659,2728.09,-0.8285837710187354,0.49973762011211026,-1.031576246870158,0.07299675597335759,0.4800595800866833,1.4740560524880801,-0.8546729449714168,-0.73151340389633,-1.417623934184772,-0.37940449898584194,-0.13480087150720985,-1.3889081710291074,-1.396934091467959,-0.38479553417306533,0.21741657568671346,0.2622147322368549,-0.18189191851337158,-0.33913027092789905,0.7873225056465234,-0.6050667881147398,-0.6681359300316102,-1.5580727358535134,-0.5528959336937127,0.03647217665420908,0.4837788340027778,0.2401144977218622,-0.2793532754133253,0.6331686033160521,0
165838,4707.32,-0.5451691993318439,0.532595109370551,-0.5292982375462199,0.7800781797165829,-1.3654620221921803,-0.35201307485347394,0.33503712526246754,-1.0231955113182944,0.5998592998356451,0.3320652491644065,-0.7065605788334728,-0.5951034386477235,0.33869836883918525,0.2886321508983798,-0.32662348908556743,-0.6099362944466604,0.13819063678401483,1.1667849932032077,0.12953963920604702,0.734000384813558,-0.7812724996943938,2.8334956118942727,0.15367402056418814,0.9110273089999276,0.551334216089744,0.4069067258566319,-0.0035057267586741823,0.10025648704515945,0
73530,1930.52,-2.5027595216622154,-1.0877809352617618,0.6186865478479057,0.07518708760618616,0.1898478362124643,0.8858031376017194,0.007964282647330446,-1.0299346709057469,-0.1460868215316796,0.8811833430420066,0.2666727637833204,-0.2828867205196255,1.2046744399937044,-0.8912169480418995,0.28053234055525844,0.1450806495092439,0.12709274884279767,-0.1013249162298958,0.04278290212432007,0.3610251451427553,-0.6211380888123978,-0.39063653075135196,-0.04352946650466633,0.810577920330005,0.8784535729984396,1.7114017557841346,-0.41504460043763486,2.105161380972418,0
93557,4805.95,0.6846422015551685,0.9294825073447697,1.1293244375395006,1.227050059970152,0.576758066193072,0.2300095237628365,1.0037095238106777,-0.7490314709550956,-0.5929265330480219,-0.38024155593020326,-0.9070081583826592,-0.6190727365172086,-0.6240987123257102,0.31963267591747646,1.0160935216469669,-0.6577873892955772,0.08697021757535815,-2.092533205749156,0.494180214280795,0.9681026637765426,0.8624022887588952,0.1834465762181352,-0.4147023867269672,0.9007077190419958,-1.01437495598195,2.473266082762811,-0.8396916603612474,-1.2098121970579119,0
61087,4526.75,0.39025326898314217,-1.7628669288710401,2.9650103517207222,-0.7491792406291301,1.8618057836696316,2.1052024012080106,2.1874888293742063,1.21737356975163,-0.7369861804167557,-1.9180996005037925,0.1798310795379064,-0.03151232442302292,-1.621394156122169,0.48500129152322796,-1.0642215103355075,-0.8242835576787516,1.523525312229039,-1.5053020610083434,0.6667060608586094,0.3609860825370816,0.019205968003691544,-0.5747964176044837,-0.7026577451166509,-0.9182033728509937,-0.5289225023853102,0.29026080540354937,-0.7512555936946737,0.7544756997706997,0
68840,978.96,-0.08490883249583231,1.1441352026164182,-0.09662890662322088,0.22534275368906728,-1.07669016922513,-1.113054427063712,-1.290364484542836,0.8205554190063729,-0.6984887957236937,-0.15010422158550477,0.4874139269048432,0.274741902746345,0.43374922088634593,-0.4678221828322661,0.9952112224773986,0.6832603895033258,-1.3664476268940633,0.4186480208169058,-0.0626158186129225,-1.6111694631742193,-1.3896296708555456,-0.6166335598554541,-1.9053304524509354,0.640960799203096,-0.4918786920496538,-2.153276072043633,0.13894280970401568,-0.0412437066390535,0
118451,346.82,0.23732438475974324,-1.3193478891374055,-0.9332134076455977,-0.5274693236138563,-0.34961218677780365,1.2218005525188131,-0.6489138812724988,-0.2517306819925051,0.11255071500822862,1.3520284761807149,-0.21645222277144752,1.068959535275138,0.6148413973029732,-0.8047245724183811,-0.7286524143201769,-0.13905031978719873,-1.722343356869786,-0.0668909415947264,-0.4741810570781488,2.114414834308793,-0.3832148369586158,-0.7848299034326331,-0.7238037443516702,0.6652715062900945,-0.9039121651626768,-0.9517444732917201,-0.16046355181704455,0.0021462821265419876,0
51005,503.9,0.2735774031386282,-0.22624521900867614,0.7533257603772413,0.3616765854236551,0.26166297269647903,1.7495813052724989,0.189092493839052,1.1336234718590492,0.4450358641161897,0.282187407430427,-0.6302864440651417,0.0911882738437822,1.7786551265382484,0.08507903197998995,2.1484828491487757,1.205095653450029,-1.9332900716655732,1.454656478829222,0.18920330347423522,0.3751690140584689,0.5417376476161898,0.6012579620436356,-0.5122951462609718,-1.021062998206856,-1.7984139213578147,1.811496881871767,0.5273096933995635,-0.8125757823108081,0
39353,91.12,-0.7240017966042989,1.0645686780266999,-1.127827220501306,0.5037360462124257,1.1474093301916062,-1.0144188771679996,-1.1053533175527916,-1.062297155166374,-2.092107229625224,0.23641786235993267,-2.185296847334906,-0.5619462476951015,0.6569471123242788,-0.2029174630104449,1.6209759662493883,-0.44242298924357004,1.0691442639359137,-0.7332686838041768,-1.5939637298232994,0.5146715543882296,-0.21964501553375435,-1.4107996936270562,0.151231072166842,-0.31861624222723955,-3.254478941297708,0.7186526282557465,0.05236289720326249,1.019343267248685,0
52733,472.22,-0.5325803022204045,0.11960566888706947,0.5642773880267363,0.5823959599840627,-0.3042238811718139,0.7828702435813464,0.7821826079557601,-1.1982833857471582,1.412834056769892,-1.0630179915769966,1.1438367264203908,1.0146453864394118,0.8280660763723794,0.22035182927354544,-0.11308033588623528,-0.34117458067001094,-0.7734374918676599,-0.30950076200379456,-0.21032199550385486,-0.3768376794965605,-0.6446759511634914,0.3641085442426688,1.9630858846815047,-1.4561120964789682,1.1954527117529803,0.426046487244996,0.07701399598375847,0.6528415343211572,0
65318,3415.04,0.5283166096303764,0.8166985177135699,-0.5022557161941238,-1.070594338235602,1.1986413719910511,-0.9654979858290557,0.8433726221570585,0.8635966592465905,1.3417007629419926,-1.1656715902886647,0.4033003902452816,-0.8177154757301307,-0.2621451438679057,1.569866436259967,-0.9635834445300414,-0.5665109952314721,0.13218646951488633,-0.8845030730600199,-2.4715599083142608,1.1131782933007082,0.33121927873852836,-2.184492735051809,-0.6159561935134189,0.6696226323802841,-1.5538930044475427,-0.16683791140476076,0.5928122348342872,0.8336373968036918,0
154736,355.95,0.20750348515913597,0.6186619597099322,0.21159497038039327,-0.8897461017865688,-1.9373623164764597,0.0301615725351249,0.5594490759950371,0.579643229322647,-2.3306547635468995,0.01804164863409918,0.4276172815847823,-1.632602745687323,2.441504342169468,0.06863704842771541,-1.1548659796745833,-1.1201834386872052,-0.11471712412457906,-0.5205941776804528,-1.6757917834365006,-1.0931075606001215,1.6181924894390771,0.2735287711417637,-1.02373085374717,0.6650224694439736,1.5665091267059081,-1.1890220592259844,1.4189180719126842,0.16924540481896463,0
67172,1594.88,2.0433204896823054,1.286268613404601,1.0910461021646674,-0.7042877081911889,-1.253348193121886,-0.25658793018217363,0.23658175087619732,-0.46026340158332313,1.0859266963227974,-1.4263789222814078,-1.5613523357772998,1.205956017904542,-0.39814201058847004,-0.639230561280132,0.87362850207453,0.8144248986165911,-0.88637514063998,-1.8919039012536238,-1.8261858494167107,0.6098290776634929,0.4614248329585187,0.8491426059321912,-0.7144960913030979,1.4303627991183554,0.7394094886164625,1.677789754745502,1.4590223482918887,-0.32489481464022496,0
93264,4224.38,1.619612155437311,1.0622098509137117,-0.11073342908069587,-0.23888074786659733,0.34864434433422065,-2.402753934899687,1.3697087779697807,-1.1354608936981305,1.0552188513310425,0.7813622223625104,1.3798386997400571,1.1418532448109715,-0.6119221214117702,-0.8908896119420586,-0.030402766530498528,2.1857116646141543,0.8514772375556987,-0.3856846640505317,1.0473517424530512,-2.0796332822470394,1.3009415130316988,-1.2745191073073694,0.15334476760211485,-0.2287985078143456,-0.4056883798062532,-0.8232102514740889,1.3404064201142178,-0.06656154854445688,0
26736,116.37,0.9330121403883498,-0.4537443085364418,0.9328790843286214,0.08718640420643022,-1.4108244980878752,0.42423425971189876,-1.155625481668862,1.4597318750379402,0.0004454941875451166,-0.8466462488663622,-0.4652168666180802,-0.7922983922041061,1.8095149185186066,-0.8522016313215837,0.9268668857519582,-0.3822272385661518,-0.1274629682173845,-0.05186886376990197,0.013981815969324855,0.6772085213501834,-0.5776142178649032,0.6787426017187439,0.5886354597962726,0.4514695865637963,0.6164221048147337,0.7293118165382786,0.8704491697413075,0.43346565005563986,1
112859,4072.34,-0.7617349157278194,0.6329416337934651,0.8731585486191489,0.7080891218566765,-1.1744705267667168,0.1433391676062309,0.06526819534255347,-1.7201025509478183,-1.2971686218848764,-0.02465728073149379,-0.28879530269948617,-0.3990988538209255,-1.47423727889541,-1.4627663071111208,2.2042289692956403,-0.6804959436750062,-0.23773507703838478,-0.13633084246568394,-1.2620490232163346,-1.0795504116394294,-0.008362111124060725,0.05138541062432149,0.7283452130695429,0.9877351010253084,0.4251332467137215,-1.3007017697541436,2.085410622092149,-2.0055761729197408,0
112181,1409.28,-0.564557003269575,-1.5265518616977465,-1.8643315283090947,-0.8480986993392317,-0.5277768642459393,1.4790789734057603,-0.7388028687302217,-0.5984259353435604,1.0152280916650722,-1.885766918754242,-1.0692868554188253,-0.9169275453299295,-1.847408384527915,0.9327436083455788,-0.7703829387161236,-0.7453234837070906,0.23287130774025103,2.1495532637328094,0.4910660434453565,0.2769945204271254,-0.028551984535682258,1.5984264553578396,0.8277079982342662,-0.7538915285546915,-1.1017743629397738,-0.21534868482827643,0.43782376624357244,0.8729328675754577,0
131926,590.83,-1.0020467236287343,-0.057904907337784896,-0.9016007460355724,-1.6010192977017523,0.7714389919158241,0.6111436546495426,0.8899163325651686,0.22857652751789734,-0.24123106629735142,-0.3938018684435067,-1.7869457313398482,0.326624217565134,0.11955692459848473,-2.2332788193557644,-1.230138243758088,-0.6797332276003801,0.7207720848382171,1.8334845771769812,0.9886544793665183,1.3573404667461746,0.11867908406769122,-0.8552063823110898,0.9692305876119747,-0.9059651413176992,-0.014977773629630677,0.9929571304529641,0.3255458153220719,2.4261928146830667,0
90084,3483.69,0.2797573497867091,0.8184847346385397,-1.5618068613954716,2.15574316320679,-1.8959648413072892,2.2908839240787624,-1.8333411645064328,1.8021648084314457,0.5488788438189564,-1.185860547130203,1.157346311723567,1.7320492913680818,-0.001736523275695409,0.4881048177193057,0.19256023453262594,1.6497836862408017,-0.9589762435344478,-0.7508994709610854,0.5084855561473737,0.8227173745004389,0.44051960638091603,2.81598590372273,-0.27888363747316974,-0.7228852010761648,-0.9798387725414921,-0.24969417246679382,2.2439212755030495,0.4803350469534765,0
169695,3144.72,-2.7409548444597016,0.13384765424599987,2.0017371025301354,-1.13145302065243,0.1702983621623942,0.10704238207871382,-0.028083865592979814,0.3831002120732203,2.2192012719617784,-2.3219564173418106,1.2865973693976245,0.702881798595122,-0.2278879815506622,-0.8680639066752307,1.1447596114522973,-0.7184805197598915,0.8729183473332867,-2.043936694652596,-0.1887101284925862,1.2243816701175614,-0.9189691210547781,-2.3907821543252377,2.0531401837412075,-0.3492954682052211,0.6541280021710922,-0.3684498753660277,-2.7259688500994756,-0.280926624207774,0
7392,4387.36,-0.458619276942999,0.4466397315170858,-0.1053919254373263,0.8363237229955514,1.0329639471528058,-0.10553005200230739,0.33523868706994847,0.4803046530132987,0.2518367506236188,0.5418420893363174,-0.16552815135332738,1.0357246425830327,0.9939297571216518,-0.5124052146241178,-0.9404602897857572,-0.5852668008895399,1.4498535197733495,-0.0992003529315567,0.23248661841936719,1.1208484436478086,0.6473326855134786,-0.3295038006361257,-0.35476852115876417,-0.8705543556461532,-0.7152209517993878,0.010636268348681152,-0.21389648864431846,-0.16123525467926955,0
55680,3675.36,-0.30671639932181727,-0.21327237596579143,1.7808292129666425,0.03126687724867452,-0.1949452084289584,-0.1843566507170958,-0.9474921349737745,-0.5693837001481272,-0.9168846917185619,1.6411595390915734,-0.6793845698063502,0.8197283316910118,-0.9082061822885704,-0.8979876415443887,0.03462473875924609,-1.240354252150972,-1.4261223687611762,0.3765101381706205,0.9014965331427323,-0.5242827429098788,-1.6278859389552167,-1.6985697106229332,0.10934057634090907,-0.6798277099612238,-0.09662953619667236,-1.3360028924349279,1.2524957291499996,0.7075423509341688,0
50859,4017.41,-1.524290533169992,1.1290694375351427,-1.6329522805419834,0.2513056408063804,-0.36883022959254025,-0.4395887110317737,-0.6261900322215666,0.5684802252745983,-0.3357309949197217,1.1294735893439463,-0.3770441691342582,-0.0001191485590934855,0.06416712562467415,1.4458646596420308,1.37004366117099,0.2936487738630704,0.2782989791278315,-0.8604840733828353,-0.4692458376626558,0.5983301738078541,-1.3357566625066817,1.8510541768497661,1.2958270717726919,0.8809151690332453,-0.1397989190107496,-1.5241469070460152,0.9802629527216836,-0.25828866331511835,0
125657,1410.18,0.7977363145786346,-0.08041577370899264,-0.5727684245485258,-0.0015505058359027444,0.4017712825585737,-2.207750916382569,0.015378981372105674,0.1053093208790869,-0.7894453602409877,0.6816906899038048,-0.3496149900355497,1.0833404379113156,-0.36010595263818695,0.01631560168577677,-1.6328778384903724,-0.0672295621509868,-0.3049222123573273,-0.8109756339257229,0.029866923257825532,-1.7249168959418097,2.1356261011732305,-0.2617009938158365,0.5664250279877657,-0.09634663149429264,0.12157900053938211,0.7142364826939283,2.5656515748356306,0.8686752713391771,0
157381,887.21,-1.1391417285898826,-0.46545018240405345,0.8004982417659725,-0.3848418819471256,-0.19211105272144002,-0.22019462700795758,0.9550963794414762,-1.5884645404175581,0.4334897174485225,-0.4141211679455457,-1.1998597221795984,0.7450305629127996,-0.8912185001067509,0.7903785250428523,0.2353179614390995,-1.1371787758025602,0.6992305807201401,1.5825549693125323,-0.2571930446064312,-0.686936417944251,-0.510120739478876,-0.17168507736928265,-2.2408467440227384,0.3066983736594359,1.6625550811140222,-0.4222099256177997,0.10748571833141884,-0.17414071713024398,0
70467,3753.08,0.2677426657032613,0.8865174125690543,0.17927460442668408,0.46397228292345905,1.3904997812407467,-2.0678547264359923,-1.0328692285870538,0.7929348534931071,-0.8060675587498047,0.8058902285478261,-0.29225521544384025,1.4394457151531361,-0.06184008396068339,1.3005268585960061,-0.5401030935987847,-0.8928295973180795,-1.2166592125268512,-0.25755157114530397,-1.6134158526524858,1.3926548882840513,0.7295193509862021,0.44323809808521286,0.005635830296852785,-0.5507167881185753,-0.24096058285591823,0.7064847605814564,-0.43081760238819583,1.7141834666243372,0
98506,4034.18,2.783777423489051,-1.40515992236446,0.5328598928134587,-0.43858720625729564,-1.111413012134435,0.4520333445857688,-0.8584499403746859,0.9703933898468512,-0.47285142234964317,1.223853198573728,0.15310199293432541,-0.4595489411617563,0.8525958032951028,0.1634054740224038,0.12415659097130305,1.5329333705355574,1.6289382256435756,0.6622501856957386,0.9165681806443017,-0.3850368024262208,1.6982903924269561,-0.00480518632728754,0.8619647560864865,-0.6163654291823402,1.2179271419745152,1.118183017150708,-0.3320847466741954,1.686596136022188,0
109751,4952.53,-1.6110056099552212,0.501033343517345,-1.253808233793257,1.1663027472367895,-0.05164415516508496,-1.2400602924705844,1.125587771040344,0.8033650488211627,-1.2844303744075998,0.13682182967129333,1.018157247648752,-1.7381116395453866,2.1205681204305016,-1.1956237708552124,0.709784290583688,0.0327077562687679,-1.6078948064290692,-0.9303056978544451,2.05727186499401,-1.8680018866707437,-2.314456078778476,-0.5937615564013348,-1.343470279529558,0.2855558895403972,0.4799969943350377,1.1986426089954636,0.3180681628612475,-0.3301696679409411,0
118906,2063.09,-0.14855140500704944,-1.0424848742271386,1.3768034928789294,0.5684410062561545,0.2056863749606842,-0.8943326230884198,-0.2729753999198351,0.033327925665802005,-0.13208700551914349,-1.1843601723120227,0.01424416401371203,1.0452510148730776,0.5794189828989692,-0.22064275011577214,0.22080850788809125,0.10168539544729768,-0.24428093977653406,-0.05694045872479299,-0.8737946212411899,2.0136989173313573,1.1262461801557098,-1.2566472506290483,0.7506927951289866,0.1260623280034051,1.4184025460365826,-1.621008284576339,1.6216475959513212,-0.0810238367387997,0
143760,1860.1,-0.4074601376352653,1.2779268292381651,0.777016095757289,0.5995941132814938,-0.37845405184645964,-0.6694101948325517,-0.7775390398449775,-0.9561768831496472,0.1767547933020496,-0.49938429859137107,-1.5763517088994359,0.3497695206060582,-2.5108350014014515,-0.7422480135662024,-1.010222402111855,0.10565382502606138,0.4342960759953601,-0.33633835363451275,0.9626802348862991,0.5622502831697198,0.648943606259271,0.16851340233342924,0.39015394001345316,0.7779866783080691,-0.3384357848148192,-0.697829288253898,1.6341410088854915,-0.022368861878339998,0
25342,3882.07,-0.6019686788963846,-0.26102725324679543,0.4016255054914734,-0.5071230600565902,-2.8712826629574613,-0.2049350378132454,0.7286847972169158,-2.3091837312848655,-2.6847880471174923,1.7026964883479363,0.3535478631986765,-0.2960461003212362,-0.038140085441648916,-0.503504161887299,-0.5012461382334787,1.3946253882111763,-0.686336846934825,-0.675373238803288,-0.8419937797616007,0.7644782203057904,1.6403972809330398,0.3788336326894784,1.183920483851373,1.3015929980039929,0.6961362419695681,0.5375853070438055,-0.056014671833671356,-0.00896632576373965,0
168229,1704.02,0.7602510946353603,0.13498472081968857,-0.6856102810818078,-0.23635473708899585,-0.16090490804919289,0.006868254939036984,-0.48819699723224685,0.15705360540145066,0.2595735614802209,-0.07474416815016639,-0.25593056166975336,-0.24015281230749122,0.049802790902832496,-0.0946237926492889,1.4265929803244661,-1.0452143623207104,-0.8434015484570375,1.1553004115216927,0.1327878150770647,-0.9804695349218977,-1.1815231616646271,0.6953772364017292,-0.691931322338641,-0.6914122042764048,-0.05926802260034109,0.553001671903652,0.2530084866777919,-0.9474290450606763,0
106308,4653.79,1.1063291048284427,0.4125703966441225,0.32380012760594523,-1.187912808642065,0.9001769869124664,1.0844795830730707,1.027421535338774,1.0819420597408491,-0.045700231096779335,-3.324755719911096,1.3704096939838664,2.5546863259021158,0.9362090095799499,-0.13415564209226424,0.3289328939240983,-0.3963955201764545,0.22223563663052404,-1.388877009633014,1.5080122737897765,0.28405657052987027,1.4512546569546128,1.9127268503065222,0.9958934155892449,0.8611845377637809,-2.9893930211632136,2.2494375841962904,-0.6116015792028642,-1.0872606842743522,0
106081,4292.07,0.7716381493013362,-1.9296845963141573,-0.2914899789934903,-0.35301605672556224,0.7781091861260174,-0.5775300935075538,-0.6637203769797122,0.9955324690830808,-0.7649919487561274,-1.4689234636701936,1.4294578020440076,-0.6421946525342711,0.184810302489739,0.4121091610202864,0.8403191275848484,-0.16896520666251094,0.07775991999108028,0.30005682551128954,-0.520438985392111,0.2575749708891946,-0.7394144316026904,-2.173768904413992,0.1596082474008315,-1.0798061676931627,-1.0898435850204755,-0.9076135332330816,-0.5072155476055451,1.2497575715479559,0
89045,2144.98,-0.7233390824512339,-0.6505848415568568,-1.6504912100377618,-1.0365759163562973,0.3547784821701996,0.4801461362223696,-0.15959456182499593,0.8160728433938479,2.028628924269873,-0.42444870314248145,1.4644543122672997,-0.8533033068263332,1.2530889173020765,0.5573042937804867,0.2502953101830424,-1.7211758252897242,0.00593816941514957,-0.3551216554904988,-0.014686414391873468,-0.8214848566236752,1.0547778142766568,-0.06771719735270462,1.7660503040522877,2.0737786828032836,0.5823769459527517,1.1681684014540978,1.0462572134371722,1.089787014204167,0
34698,3754.36,2.4338480784024163,1.0435459092865536,-0.050422851721487694,1.313068515588715,-1.0978623583492235,2.7308672332235675,0.9449716653887317,-0.07421097854939082,0.9584765276047547,1.0358252384175684,-0.5615879353732794,0.08528423349335175,0.39167061561527167,-0.13414517626645758,0.8091160682419203,-0.9161415165813434,0.8586885114656261,0.41482448203587435,-1.8015029965080767,-0.1698196855231585,-0.03602103575443992,1.1917378358214277,2.786049937813325,-0.7863040531383287,0.5162649162799985,0.37227461003854023,1.6022113887316758,1.0725207141772715,0
110078,3772.72,-1.770243188341892,0.8677650241708884,-0.15673039822252585,0.05053581559400609,0.39530946245848375,0.37735070276322974,-0.22626087117375152,1.087464174031497,-1.0964024861514015,-0.2731223524069119,1.9898550733375573,1.180490877972961,1.5587980694978887,0.40346891810791735,-0.3961460899373217,1.0466748272809374,-0.3944726934280214,-0.3415766322183575,-0.6642043439462315,-1.5004677127830177,0.7707688064351387,-0.12452242443886458,1.5383304390525525,0.6906305697567595,-1.2949773886349234,-1.64023586666347,-0.697283680469814,-0.06937836694032916,0
80623,515.63,-1.0326290690342947,0.28303220539521634,1.06240150987512,0.17049723504043077,-0.573437821542238,-0.1804897889316338,0.7560533220786464,0.9241618238559027,0.8382368795711403,1.0544316549732602,0.3509425048957069,2.2784019865292278,-0.43874592004829344,-0.5493598549354416,-0.7675116467674356,0.7602134963301175,0.3195926497950045,0.8671930619189393,-1.9062723220007058,-0.34670953287600176,0.04886918330515309,-2.33817245369327,0.4805186781082244,-1.0872403387446656,0.22036754883800364,-0.5478152367265949,0.24295635213135128,1.8920117699896957,0
22671,4512.77,0.1697292843903737,-1.3494635714255234,-2.2344264423142026,-0.22514652735002125,0.35348290594866677,-0.7791516519282973,-0.06554760678100492,-0.4226335607215581,1.2444980760210578,-0.5261623535474892,1.6263804056686328,0.6573649633895711,0.1443434672966939,1.3147798255965035,0.7636977158480469,0.9370668751020312,-0.5066028082758148,-0.9397025982521517,0.4291781198749986,0.9738462572598192,-1.839401584186729,-1.2910395748499208,2.3210039960618047,-0.1520908861467986,0.5032602265255054,0.26252801232332496,-0.243078056079208,-0.022468976674567223,0
156256,2526.27,0.08939391914564943,0.5855034608585792,0.235199828854701,0.19757892205140784,0.12150501140171552,-0.19433154542032846,1.981691806400029,0.6765980166158473,0.1320209226175572,-1.9642925222356131,-0.5026196138317597,-1.27040874397943,0.8266415353898965,-0.5655112882176463,1.127374010445556,-0.5890902225314012,-0.849329485829408,1.157553191675312,0.8316375589515773,-0.7468482589920851,-3.120544022943797,0.3285698496773193,0.6034780416679837,1.5457331421535163,-0.034665569737606684,-1.7043667082962657,0.8638716595520065,0.8628761738997408,0
93384,4132.29,0.48804407937874933,0.7133995902054457,-1.1555680481057173,2.4648776358576834,-0.9763752712833716,-0.8862203436094058,1.5687786041028489,-0.5359591454092917,0.36144203694732535,-0.4915611585980846,-0.29859673760962646,1.970864270717799,-0.5721940702934435,1.197186484622428,-0.9142813107966419,-0.4656952401188365,-0.28475862849001854,-0.028802694674421554,-0.22163488657080457,1.9072978364265534,0.20991553398349078,0.2921972948833408,-0.9079457135226163,-0.8177041519860727,0.7288186376596363,-2.0739060049716462,-0.3885160223564554,-1.3886220145349841,0
86202,1600.25,1.5801340950752016,0.04701721312374508,0.3192233421955466,-0.3001402843924914,-0.8924558393569035,0.2686614266837726,-1.328096262433748,0.5400242316169221,0.33834666692159093,0.34494500154628505,0.27402735267208544,-0.019468699077097074,-0.790012802081076,-1.4760670917717218,-0.575944811423728,-1.7880654950380328,-0.4987651871936316,-1.3285025290151236,0.28588696725679236,-1.4360915125350566,-0.2637350376313479,0.6725196983410208,-0.03927330695157529,2.2041861678862227,0.5925553079287688,-1.7612425786366435,-1.9264549394595483,-0.22973533149785047,0
51663,4477.62,-0.11985091936559887,1.2231709505914572,0.37428005557730587,-0.6504130347099937,0.3550224544215164,0.10354413863939305,0.5222436812480098,-1.299116644301067,-2.0858158589232887,0.2619503493413132,0.15187760961393976,-0.8377094318949696,-0.629352099686685,-0.38040725741084613,-0.16322642823090652,0.9319345423163097,-0.4488038011627814,0.6802154559028234,-0.3257304552504472,-0.2601753497955941,0.3982209514202937,-0.7810089435481842,0.7616721862950018,-0.005275597109045737,-0.035143579404707616,0.259133655084339,1.0036907111120021,-0.15582105557381679,0
15708,1946.01,0.11372946021298058,-0.683431790130123,-0.0868447771301917,0.5296931329054426,-0.22111309528850173,-2.1622192209177933,-0.8164039861010418,-1.2222118086729215,-0.18686959685039925,-1.2551077492566356,1.2548119434691696,-1.079392457099354,-0.7492156170889224,-0.3309781736136056,1.6198246049826486,1.096652268766096,1.1653274178021615,-0.19884974351765108,0.7405453658744364,-0.6564299636141254,-0.2521534658435748,0.2598832349192977,0.825954155620064,0.9757125379826657,-0.5108248188641186,-0.48466725873343997,-0.3034836298567393,-0.06548753802161475,0
91906,54.2,-0.5945160527242493,-0.5098575774999748,0.8072931248110842,-2.525718633602488,-0.840281430657129,-0.018558005766067587,0.19150693879273067,1.0582070469439075,-0.23891284198402865,-0.3511962018037653,-0.23212931854845434,0.836328719335456,0.5225619208753273,0.27899179474847396,0.5631354551682595,1.0839209665356082,-0.2541034540355542,-1.7078379261395442,0.12946193512519885,-0.18018083137286925,2.0180773827178204,-0.9458633078963248,-1.1252648898076596,0.4029445735036032,1.0425415920925094,-0.6199556973136181,-0.19944371588805515,-1.325498967995686,0
49811,4526.91,0.5883285184606423,-2.4846115790858145,-1.245766059099699,0.06395678691093298,-0.9228301897268331,1.076146312640013,0.06837062931026103,0.9375601222047649,1.4301556365598782,2.6846742380640736,1.1646149903103564,0.23882938618641383,-1.8348080296345557,0.8618168032188236,-1.3240868298658868,1.6040912534772398,-0.6629066722798649,0.3324680837588702,-1.9856633558035592,1.3714747821409226,0.23053712782830446,0.2599579936436911,-1.0935322864596726,0.457040065596367,0.4631620978788213,-0.5856218351657279,0.43558791669183916,0.7038809278242575,0
133883,456.44,-0.31847851065033933,0.9198275101476635,1.1077204502817004,-0.37171290329290085,-0.3038308479862159,-0.3991118522027499,-1.0553870170924875,0.6336115405758314,0.33372786356187306,-1.2332688262968767,0.7322345071326534,0.3450753769458505,-1.555970026317907,-1.249395203059528,-0.09298279158950128,0.4221085934899057,0.028078774047990595,1.0065957152776999,0.9399808180928202,-0.9844554964640968,-0.44694772758266543,0.053212197103539735,-0.3413098462098483,-1.4261137171431046,-1.381432652530298,-1.4241224116579378,0.3528336431526199,1.0286103113033778,0
56250,1596.57,-0.31905702106634304,0.31386196347013423,-0.7080788661941414,-0.9923132660360943,1.5681047947182098,-0.6528967724115621,1.0584845435303247,0.08796882105283044,-0.2976109621166948,0.6607233944637488,-0.21339221860714852,1.286503119071931,1.8627464923572625,-1.1079830420429075,-0.24587875575043416,1.5568818365466923,0.10422793912840751,1.282135740360131,-0.3895427945831535,-0.45127053092953,0.3373630663468662,-0.8208600201629043,0.5345436134561904,-0.47285279297804617,0.22089765608138748,-0.4564031828401075,0.456121658752389,-0.7438593891229156,0
112547,4750.31,0.5434831529637776,-1.681820325133229,-1.5558986504898955,0.5077576703115002,-0.5260780322119588,-1.3777007731168525,0.20330294356907486,-2.3912744310241485,-0.09012474099101125,-2.0966756985697956,0.6546766174823133,-0.8021545915096441,-0.7250967209741775,-1.4019080677162379,-1.1732695560039301,-0.20047460915787838,-1.1868812295940714,-0.3783518825997664,-1.2703794712084044,0.6545057527231394,-0.42867479688130566,1.558183630762687,0.6625625498799194,1.1959764624837037,-1.1510247094577337,-1.8203980480718356,-1.6297331652461955,-1.1473415163213292,1
124249,4753.04,1.034920927080599,-1.7585989999941474,-0.27239597049980896,0.053988418445792954,-0.014019538257588698,-1.8579920416244045,-0.2846830356725835,-0.07487593820648959,1.0233855816274011,0.863791824569662,-0.47326504683304876,1.366154628273648,0.20001485117174814,1.3201841971984174,-0.10479191689472767,-1.7670103650055502,-0.29840627192384356,0.14531805532573783,-0.43893397234400294,0.09315877991765241,0.09293023411398735,-1.705635950162387,0.1413051241048105,-0.34432120176999703,-0.9645679324291752,1.1876411393589066,0.5563090120364924,-0.7689416248939225,0
34754,2867.19,-2.208106551673877,-0.8726306273710107,-2.0951575226799855,-1.8024089074942171,0.10164428768951007,0.8313492670632543,-0.4381098242435948,0.4541831671898381,-0.1845846632453155,-0.8923253901884467,2.3502058000057215,-0.5191573227936902,-1.4891464178991283,0.29760494279712235,-0.29003743960637235,0.8607246772401177,-0.3386843240985971,0.05053634279291149,-1.9020696485464397,0.1751749493090029,-1.2174801872358345,-0.14162098301052742,-0.8344287335176476,0.13883208271781333,-0.651910035385637,1.6923297206772177,-1.9090563503511346,0.49549866914018087,0
142483,3159.19,0.36077842467342836,0.7936579419803536,0.25417389224620207,-0.6465295211924377,-1.131026391491943,-0.18147832957919605,0.13977696976623552,-0.5347332475595915,-0.6981955330916091,0.40208825820294014,-2.664332321074447,2.1640073739123564,0.09412426778927614,-1.0843712084571229,-0.3616325236171589,-1.8038891260086956,-0.1721442737084734,1.4898026315713533,-1.2498893112390432,-0.9652763395995575,-0.008585201859605372,-0.8429055643243101,1.7369429430193026,-1.5474221283691512,0.04487323565970198,-2.3260637133891717,0.7695651437810074,-0.5966033549083545,0
133983,2242.23,-0.2702033186775383,-0.3003604880886286,-0.25925044258022556,-2.8882712051927246,-1.7628324838426952,0.7720215620034229,0.4079250175142854,-0.7124941928082376,-0.2757021929208664,-1.2915256017682013,0.6729432044950393,0.5987390159931402,-0.719006667681404,-0.44309487395607067,-0.407381367381811,0.1702020494933653,0.7255283730379855,-0.8104885823733168,0.14294961011538876,-0.07158347160249721,-0.4778523960351749,1.8342020358562743,-1.0720580618430398,-0.5375769410007442,0.37448557759128565,-0.4691296593240883,1.1183812821105803,-0.1340652496363761,0
139752,1466.06,0.9476169376614091,-0.8047869166603249,1.233686921376036,0.293269314133503,-1.026640734735731,1.5313237445794692,-0.12497578635826605,1.4444203881536917,0.9406961438226822,0.2908528001767071,-1.7645959092770471,-0.9202385297763772,-1.5630894981604142,1.1817613956614945,1.4713935483488034,0.9553238021242556,0.1366718711628826,-0.46465945220454163,0.2267116863405662,1.1315784515395237,-1.1227366253686797,0.5983980076204188,1.3023407448537614,1.1230392976314654,-0.4089418892412716,-0.40401143063479783,-1.3685201427252165,-1.0734607447026951,0
84896,1643.33,-0.2501226010745113,-1.006115893083496,0.6489242105069956,0.28329941844015705,0.24707737780630315,0.9212476849103453,-2.8325195707762085,-0.060288991391611785,0.4961649055979363,-0.9086502957414381,-0.22565670321806863,-2.0254180833204796,1.3369204375647132,-0.2781192303112381,-0.36370311610051537,0.324258796035197,1.2279373473853306,-0.8347203094498064,0.30643883425516816,-1.6095209830809794,1.9757358680726422,-0.6493103753703896,0.7388232834503655,-1.2826294319269402,-0.3651826162937345,-0.17448450661702508,0.32843299058154907,1.9792864055014634,0
71295,3362.6,1.3010524331622997,-1.050911957828187,-1.3919963371880102,-0.7932818938336734,0.08733105791540921,-0.5423723214387958,0.016890716242483676,0.4547951696423805,0.04426797334911382,-0.7150481829666253,-0.08560808947124605,0.8089247222790114,1.1825657270608714,-0.3371881377911729,0.04967105630026454,2.2782430705822754,-0.01166035588881546,-1.449150523112887,0.003209867763497622,-0.6973091506990274,-1.0837353699401662,-0.2797152893203726,1.2803323038717285,0.717079036996164,-0.5032436553016811,1.0015304243744003,1.0571791296144326,0.0731986281627831,0
100689,3761.88,-0.6764130204840386,-1.9336783011075602,-0.8383874911178852,0.5401127116831267,0.7024065691510653,0.14486766465755532,-1.4414820616097774,0.7741314616193651,0.19153929944483014,0.44198600639503066,1.507633558913684,-0.37418027599018366,-0.10735479071401643,-0.7812967068230585,-0.05876471227672918,-1.965928994146978,1.7760872803800642,0.24778718105208195,-0.6928651234720118,-1.8155416295253364,0.006964223441937532,1.861257373980529,-0.44443329292291694,0.17777813858498556,1.0475136370876286,-0.46621078219393086,-0.4490036203715333,1.1497153292266302,0
11111,3957.9,-2.230329907625889,-1.2073958316463744,0.520664420534209,-1.2824986211215224,0.09674989495911643,-0.6147728651569183,-0.20945256564907563,-1.0014370765050777,-0.559742473595482,-0.4303854763970162,-0.6921522120768903,-0.15556569452183558,0.9994190326779112,-1.0249923138187629,-0.505016850367336,-0.08286067253591542,-0.46077501373165286,1.6012983317775875,-0.054459139460565284,0.5369756969437411,-0.8028080349487572,-0.9462756317300305,-0.14265419808920418,-0.23595548602317848,-2.8529435035996533,-0.08825146273128724,0.6736363657086232,0.4931698342388367,0
37504,3948.09,1.0515930406716663,-1.0705780796771673,0.8470790099850345,-0.966517025934993,-0.10954929146920354,-0.7082884626016631,-1.4045642570696417,0.1932074227141938,-0.19394940044265363,0.3803814482163112,1.308011915661778,0.7661960091741071,1.90329268772716,1.1833238104431567,0.07950473236769778,0.017455465252655834,-0.7695623811651242,-0.19848445851506097,-0.43720744694788527,1.2254705453144694,0.29703947087987503,-1.7644481722305585,0.055042557281043424,-0.27992454232200725,-0.30867740967478285,2.979054963801388,-2.785405872725681,-0.04188005496506906,0
132874,456.04,-0.8435449622454707,0.6826232364571462,1.2225009148868804,0.41719046438256424,-0.6040122749251271,0.3428151624026237,-1.4164976350794674,1.3196444944772996,-0.6633043217745173,-0.19084131864335074,-1.1788166402247968,1.0104138262506557,0.7540759331580894,1.6739015887420603,0.06535059609776332,-1.3441028161824136,0.5473026747769738,-0.8818966215431343,-1.625781598075184,-0.18340998729204272,-1.2743851344689174,0.2910068624638142,-0.4763977606015151,-0.49102969807798746,1.544984795382366,-0.11129290760530697,1.098196118243411,-0.09366232488927782,0
8155,2472.11,-1.580251936743527,-0.1657230531466151,1.214509285305348,-0.6886667549629432,0.8846067898626929,-0.8322938831181725,1.235121821948528,1.8192231832997212,-0.29477928429974354,0.06749368124727499,1.346669723754866,1.2237103406692909,0.4796797395099632,-0.9851944027873477,0.07975652689921599,-1.1537327907242856,1.3640819374650175,0.18685970223206844,-0.7724149910105881,-1.0055200145152972,0.8403568239355511,0.3136403674078202,0.22525845349509843,-0.40197097205696275,0.517230050277387,1.7662398602994058,0.02999423869317595,-0.7252436766377852,0
39384,287.8,0.016053418643930874,-0.8255848430174609,-0.08952261024790559,-0.06265695620244455,-0.9191801387207167,-2.209151619088701,-0.3200919809443903,0.03993639721469045,1.3461782636266248,0.44508647135340157,-0.47434544190347283,-1.1748413083829365,0.1989496964833095,1.4049423292181198,-0.8592331420964212,-0.8451286108266001,-1.3788033045852264,0.5891181787726557,0.8895412311690245,-0.9762464514545354,2.0361561863588413,0.6660345733898599,1.5790894560712077,0.9297402248111573,1.2668472405671247,0.501987657388833,-0.2578293766360323,-0.4504631508837254,0
112561,2747.65,-0.2391786660301687,2.3097227554061868,0.36265562225116893,-0.5636490274263427,-1.1103995172960208,-0.8881478957273766,-0.3966621598219177,-0.23794354734707465,-1.07787181137719,-0.3500184545911409,0.07343451924111885,1.4258947496245888,0.6494973648592396,-0.4873894162901053,-0.20612450725264117,-1.0996472940492623,-0.19699064821431514,-0.1563631374365723,1.5882941520549443,-0.2970572078727427,-0.8395392371006698,0.6726257608719525,-1.296833847167973,-0.4320438142447743,-2.034248859510923,-0.5537089930758496,0.9840414529044801,-1.0078023315985045,0
47254,2207.66,0.8231049757450069,-0.6638969135466657,1.2987385039437964,-0.41093115629918414,0.567055517388103,-0.3068811486873728,0.48252404882859146,0.2690240681375333,-0.688717666422915,-0.9960497860017741,-0.33637866311040404,-0.5790453361681495,-0.36391939348963653,0.5336479953688871,0.7603218753498576,-0.10799465016386797,-0.6107819450858708,1.4035353319541772,0.6512750441186885,-0.30087204539152507,1.2169688626813207,1.7707056507337993,-0.6572117082110901,1.8075903221923073,-1.2422492314691227,-0.7207339871754307,1.729289675723977,-1.116865971932945,0
21918,4438.52,0.8924108198152113,1.167102914383636,-0.30330846193594846,-0.36722421595499294,-1.333157310653655,1.5213984978319222,-0.37059052307245194,0.2436370470275211,-1.2542988629357519,-0.5323122659297901,1.2823634741156038,-2.2562499347482268,-0.2766358691614466,1.410213804814408,-0.1798166313800403,-0.6029649001521598,0.14285101299207983,-0.8123618942875219,1.5436977609924138,0.9118317785133704,-0.38187934439569,-1.7181374903760358,-0.7657453187062563,0.29953250304321194,0.5140481406864676,-0.00727259499970656,0.4857158413539969,2.0863754175513516,0
85981,1754.58,0.09562044588939247,1.6211085577877153,0.37972618694012367,-0.7067567572181777,2.4147909986586313,-0.49093744987136534,2.1038060921274098,1.3867580661311534,-1.4709087571875983,1.1951391798334359,1.0877398432337475,-1.1784403468600457,0.4508913752125149,-0.14507659570363216,0.16178191260125813,0.31790838409567507,0.010017923499404696,-0.28696963651236274,0.08538861013495828,-0.668876034443013,1.5057911210760857,-1.202803194645333,-0.09441826213604765,-0.5762619290282724,1.550630593257668,-1.1264731247465576,1.6087138830488947,0.2789123650819429,0
30306,585.34,-0.8848159419179848,-1.569960337657343,-0.3268807796796516,0.302449714360124,0.07999338055914339,0.5119240910292749,-0.2730197607260194,-0.9963916891670672,-0.18677191419529146,0.11617308407654969,0.44350172058452486,0.21802509213256502,-0.47386487015952894,-0.3279419202673591,0.16703700072635513,0.6494304662030627,1.345381247627721,0.29598790484296195,1.7423760847025391,0.4350783381858596,2.188498986095991,0.6622033339461874,-0.13552626897887088,0.9733659524856143,-1.1412362168447279,-0.8638659663957002,-1.5532832525269797,1.4657172417040598,0
147718,714.97,0.28694126122429797,0.07396296407356806,-0.5509481144654271,-0.6279284867539493,0.3479061163248855,-0.1683082339620694,0.36512541198301046,-0.27987308616602163,-0.6176091818007866,-0.8448984534104736,-1.151868384586774,-0.9788142460811394,-0.3657996727935024,0.8010809637881857,0.41739513073391704,0.5817789597188892,-0.10840479287478322,0.39296375261782707,2.0544884403285804,-0.3054700292478684,-0.23370501170845875,-1.1056255017144403,0.7723145844407059,0.6238959430765766,-0.3877617827065225,-0.42306060102577947,0.6659488378340656,-0.794062257036022,0
46843,3807.56,0.16519438012057688,-0.5175336509082241,0.04838511828580344,0.015686713795602138,-0.808419824523387,1.226405143870384,0.970941331376861,-1.1171413268765105,1.7616889307921924,0.4015606083877186,-0.7150218680302427,-0.08804446917604382,0.0001866646349733769,-1.109952837036249,0.5586509150138106,-0.4101262451847562,1.3747840989702291,0.04722809229816076,-1.733469498036188,-0.7447569552398373,-1.5202660808946518,-1.4565879732593636,0.03372310292137513,-1.6541764402276586,0.40146414186699486,0.2933435419272292,-0.13200385285427224,-1.2516035924647442,0
120975,3091.09,0.5689366744696416,-0.5989243965593357,-0.6875434513395914,-0.7287316813744033,-0.31526484424154627,1.1570963854639587,1.6022532256069097,-1.0120948857975771,-0.2828465461777933,0.4683155849391383,-1.0285765255061254,0.3382524875291783,1.150607550593069,1.1470613778404304,-0.1741506097492205,0.2844756294644722,-0.31510033601868576,-1.2784199223571482,0.22149330713283266,-0.33037606334097747,0.9480843874360897,1.8658445522852707,0.3028832767193024,-1.0344713570175377,-1.4524983970876972,1.8259972117410466,-0.7882191047163172,-0.9777782109588511,0
96601,505.62,-0.8748067137447016,0.5553768168069081,-0.13091597276974928,-1.5342986263844585,-0.42675711688235407,1.1761751052399196,-0.7420061356576401,0.37657401513912436,1.2893968634300244,0.5199990757978105,-2.2481428867921633,-0.18138540310928583,-1.1326637535596475,0.14280939244258323,-0.9113353030920964,1.035128916176733,0.9264818751052164,2.3380114042063296,0.08643018908754228,0.33653838187097995,0.22441720794411618,-1.6199421316642872,0.39844804551200075,-0.11542030120241245,0.5216912595809831,-0.48495442679826284,-1.9286814348628423,-0.42207188508969595,0
107512,420.54,-0.400372873167553,-0.6228704964232837,-1.0349548645321327,0.9124352492591664,-0.5418349876686417,-1.7339835294173527,-0.41796350383864467,0.8098578416370265,0.9680064749406335,-0.9778372003712856,1.2613181018500463,-0.49435433785671684,0.7591785027052609,-0.5777505081541768,-1.2187153286748758,0.4455645812774899,0.22866302813671915,-0.23596991504609993,-0.42410381558409904,0.9149333898817024,0.5017911677776411,-0.35127203711064553,0.24540406120581154,-1.5836079344201974,-2.6756846490362367,0.4615180463781131,0.6117870490026632,0.03649993182615992,0
147443,3504.85,0.5093781163361057,-0.49596904632647065,-0.18999438718237946,0.4995269850954084,0.6329617515098265,0.20672404724499435,1.2745918752935148,-0.6493916937437452,-0.2089541552240141,-0.682390994285895,-0.32782352634269685,-1.2506960629882262,0.7917964128034704,-0.6041676033158545,1.017686412736359,1.8589776944434202,1.7298853986834446,0.11026751858465678,0.4919155381513867,-0.25197318715848965,-0.3398450418443653,-0.05936745123140444,0.7033130614575919,2.0905299019716126,0.492239464464855,-1.6278978465820517,0.8752900534165288,-0.15093661684399282,0
111472,363.82,1.2473270552317244,-0.16811489562529364,0.4483902936158614,2.288682068797672,-0.4495760382252812,0.7589386001219477,0.8100623040526913,0.7720947889752895,2.110135582085623,-0.6768292163870117,-0.33849396429229733,0.02194380821533224,0.785812009296809,-1.3834625118283659,0.7702504479710663,0.9821789867666879,-1.4770148628144282,0.6167610931729804,0.04112506864187696,-1.2039381307977697,-0.8844928186606991,1.3091366419632775,-0.12232338213274517,0.8222321820393413,-0.9950849678878427,1.060288640887317,1.3420227509932474,-0.7731909684866285,0
133121,4109.3,0.9659220079595902,-0.3733992683765694,-0.5887635362067958,-1.0439728399982582,1.0175012290841814,0.38153856258933105,1.0751759356684585,1.1115786571319681,0.26853398646480875,-0.3606479120661918,1.4961022334255598,-2.064957387584735,-0.8067463802094889,-0.5361721666239897,0.6493646843375265,1.7184070726484615,-1.1638577177598246,-0.6365053626495294,-0.7354489203920433,0.9997148032654405,1.1603481809669742,-1.8688030582824706,1.6463683960749977,-0.013332847036461887,-0.4475971905164135,-1.721682574926956,1.1764904376350318,0.0877150093177639,1
162688,3531.21,0.08205487115279775,-1.1735702070121252,0.009291752530912675,-0.20896048733203057,2.6631823501198237,0.6365963258218292,-1.3687045435596683,1.93470599843339,1.5130092660039889,0.5389191851437345,-0.4759886023863676,-0.6859980417194214,-1.692681615510937,-0.26403776199440115,0.8112035278626736,-2.4923431279300647,1.8316222846583865,0.05692642087077602,-0.026605105036981547,-0.8981693831521145,0.31978999455603274,0.41547515150624903,2.5416198467187923,-0.3427065536132635,0.6518839479369677,0.7983864721014345,-0.7717096870583702,0.17538612453994687,0
103727,406.75,-0.4873950239211477,0.795906504847474,0.13934259362126433,-0.1285074808558058,-0.2955412401465491,0.058351004285477494,1.5479997539240187,0.069746848841049,1.3965968915812639,0.2961848047310136,-0.8404709356859309,-0.927784109060761,0.5597004724114222,-1.0612935317114818,-0.1615559836258885,0.09667612114023226,-0.7332650934863538,-0.6771902376532944,1.2045945793683899,0.2608231676775328,-1.4435570341837254,-0.8903770582600778,0.7062309747670698,-0.5996636543589989,0.4472521554922508,-0.0809249532818035,1.2907055153121305,0.7022764275515784,0
112893,424.2,0.40382055867930544,1.0485309385076005,0.4525348918213347,0.9893694382821313,0.1523155135766242,-0.744784206726527,-0.761407543284805,-0.639764527444133,0.4146479851047827,0.3752169571571625,-0.2247456205149846,-0.23937685150891483,0.187538784413962,-0.04546497612900444,-0.6248764177655501,-0.32393250095221826,-0.6698033580758616,0.4155507414742308,0.18253809688267564,-0.024832667703754394,0.6868752232028936,0.6276112125924505,0.22799116370906097,-1.9640321579709097,-0.00798120435170447,-0.12065294273978963,1.3963475039118443,1.470432303012538,0
20932,4933.2,-1.0913904372934704,0.34361858953521734,-0.1335798413052158,-0.5071078941326084,0.3794820571655074,-1.6970973849862518,0.19229297814189597,-1.0024719316058948,0.7511308478058506,1.354019142371523,-1.1326690518768963,-0.2133297993092693,1.0043766347631322,0.47291708452549563,-0.980407409798038,-0.12497973031421516,-0.8757235854998543,-0.2760226485555694,0.6269547482561325,-0.15857009234621902,0.4861685979665005,-0.9068077260268592,0.6245823093172438,-1.7328736516456296,0.9690405516353497,-0.3002647179188309,-0.25998392525270525,-0.36389378950892304,0
117796,1871.36,-0.8170014392608941,-0.3765526510222658,1.0858663418678058,-1.1710418541758545,1.8115048125935167,-0.6455694286484754,-0.14822287759177039,-1.1017931979198936,0.6240714151194757,0.6888909324916298,0.3443557692879563,0.9599566744337453,-0.7005368280095384,-0.21347213599941883,-1.0893499965854994,-0.8049594201041393,1.1484459565337237,0.2687185273046684,-0.27705310027909125,-0.4869763001880067,-0.3252989243235641,1.5723062561857772,-1.1010330858836441,1.9011207312676073,-1.7001760126188237,-1.3012526243920979,0.028428263711718648,1.215480593634632,0
29855,1853.22,1.5097713124596235,-0.7052107363297812,-2.100918861451918,1.2078093084610022,-0.08264778503818894,2.6781098736383924,-0.8784828365480701,1.2497807014036066,-1.144261431391708,-0.1418016249960874,-0.37366207826417036,1.5834772772495995,0.7601183762563611,0.6627258265192667,1.212158688550331,0.39619940038417967,-1.2534576132251245,-1.0465373464856016,0.4520640101516148,0.620148780415464,1.619813234242322,-0.9009700184262551,0.18010546746541492,1.573599639232585,0.20441437150141376,-1.248270509868803,-0.9341542070495419,0.06593759342798698,0
7400,4064.0,0.4020344800469221,-0.7036200629264463,2.9377528471677734,-0.316650029261228,-0.8290169196583627,-0.4856511760906721,-1.412535763421003,-1.5150953429556504,0.05729035445301627,-1.1838851760524995,-0.5072714105938124,-1.1177788402369702,1.0544121122194114,-0.8071399829793362,-0.49314485575414874,-1.8083564324174126,0.02245041227766096,-0.8289164340062056,-1.2092145304831798,-3.582062607487511,-0.6181731623472644,-2.4619797058899167,-0.7313246069486086,-0.5757777549240405,-0.7901701308584828,0.8365201560389821,1.4808862906533322,-1.5273189874177815,1
